ticker,asof,composite,rank,quintile,mom,trend
MU,2026-07-24,3.0,1,1,8.6438,0.9874
SNDK,2026-07-24,3.0,2,1,46.4758,0.9874
WDC,2026-07-24,3.0,3,1,9.0293,0.7436
STX,2026-07-24,2.788,4,1,6.1384,0.8274
LITE,2026-07-24,2.4549,5,1,7.3099,0.4245
INTC,2026-07-24,2.1969,6,1,4.6919,0.5307
DELL,2026-07-24,1.9768,7,1,2.4788,1.1337
AMD,2026-07-24,1.9504,8,1,2.3599,0.7748
MRVL,2026-07-24,1.9325,9,1,2.8834,0.5834
HPE,2026-07-24,1.748,10,1,1.4468,0.6647
AMAT,2026-07-24,1.6681,11,1,2.1537,0.5437
FLEX,2026-07-24,1.4425,12,1,1.8951,0.4787
TER,2026-07-24,1.3858,13,1,3.4951,0.3196
LRCX,2026-07-24,1.3216,14,1,2.8221,0.3525
PANW,2026-07-24,1.2947,15,1,0.4788,0.5429
FTNT,2026-07-24,1.2692,16,1,0.4121,0.5388
DVA,2026-07-24,1.2489,17,1,0.4442,0.5282
CIEN,2026-07-24,1.2396,18,1,4.451,0.1812
HUM,2026-07-24,1.2319,19,1,0.5726,0.5106
FIX,2026-07-24,1.2246,20,1,2.5937,0.3346
DDOG,2026-07-24,1.1603,21,1,0.5223,0.4872
KLAC,2026-07-24,1.1283,22,1,1.7579,0.369
COHR,2026-07-24,1.0778,23,1,2.9293,0.2491
CNC,2026-07-24,1.0746,24,1,1.2639,0.3905
VLO,2026-07-24,1.0663,25,1,0.7222,0.4337
MPC,2026-07-24,1.0201,26,1,0.4458,0.4396
CRWD,2026-07-24,0.9207,27,1,0.445,0.4012
NTAP,2026-07-24,0.9069,28,1,0.5254,0.389
STT,2026-07-24,0.8252,29,1,0.6163,0.3497
GLW,2026-07-24,0.8056,30,1,2.6318,0.1693
JBHT,2026-07-24,0.7772,31,1,0.7892,0.3162
VRT,2026-07-24,0.7686,32,1,1.5435,0.2483
MRNA,2026-07-24,0.7402,33,1,0.8637,0.2956
TRGP,2026-07-24,0.7368,34,1,0.6911,0.3091
PSX,2026-07-24,0.7116,35,1,0.3965,0.3246
CSCO,2026-07-24,0.7109,36,1,0.8075,0.289
CVS,2026-07-24,0.7073,37,1,0.7051,0.2965
CAT,2026-07-24,0.6928,38,1,1.376,0.2333
NUE,2026-07-24,0.6874,39,1,0.685,0.2905
VTRS,2026-07-24,0.6629,40,1,0.7717,0.2736
CASY,2026-07-24,0.6481,41,1,0.5954,0.283
BNY,2026-07-24,0.6446,42,1,0.5173,0.2883
CSX,2026-07-24,0.6297,43,1,0.3288,0.2987
KEYS,2026-07-24,0.6276,44,1,1.1334,0.2289
GEV,2026-07-24,0.6269,45,1,0.8895,0.2496
TXN,2026-07-24,0.6154,46,1,0.4559,0.2823
STLD,2026-07-24,0.5889,47,1,0.8606,0.2373
HST,2026-07-24,0.5813,48,1,0.5708,0.2592
WST,2026-07-24,0.5725,49,1,0.5418,0.2583
URI,2026-07-24,0.561,50,1,0.3553,0.2699
ADM,2026-07-24,0.5569,51,1,0.4118,0.2634
ON,2026-07-24,0.5433,52,1,0.8745,0.2185
TRV,2026-07-24,0.5413,53,1,0.207,0.275
UNH,2026-07-24,0.5296,54,1,0.4738,0.2476
FFIV,2026-07-24,0.5128,55,1,0.3079,0.2553
CHRW,2026-07-24,0.5124,56,1,0.8361,0.2099
HWM,2026-07-24,0.4915,57,1,0.504,0.2302
ODFL,2026-07-24,0.4861,58,1,0.3123,0.2446
WAB,2026-07-24,0.4809,59,1,0.2818,0.2452
APA,2026-07-24,0.4767,60,1,0.8765,0.1926
EIX,2026-07-24,0.475,61,1,0.4618,0.2275
BEN,2026-07-24,0.4746,62,1,0.4347,0.2297
DOC,2026-07-24,0.4686,63,1,0.1533,0.2514
IBKR,2026-07-24,0.4657,64,1,0.5283,0.2182
WELL,2026-07-24,0.4585,65,1,0.372,0.2288
CF,2026-07-24,0.4574,66,1,0.1378,0.2485
ANET,2026-07-24,0.4477,67,1,0.4775,0.2156
MPWR,2026-07-24,0.437,68,1,0.9883,0.1677
CMI,2026-07-24,0.431,69,1,0.9881,0.1654
CRL,2026-07-24,0.4283,70,1,0.1423,0.2368
GWW,2026-07-24,0.4248,71,1,0.2868,0.2231
UNP,2026-07-24,0.4205,72,1,0.1537,0.2328
PWR,2026-07-24,0.4151,73,1,0.7795,0.1771
BBY,2026-07-24,0.4083,74,1,0.1642,0.2272
GS,2026-07-24,0.4079,75,1,0.594,0.1902
MRK,2026-07-24,0.4078,76,1,0.5145,0.197
MS,2026-07-24,0.4068,77,1,0.653,0.1847
NTRS,2026-07-24,0.3921,78,1,0.4246,0.1986
TGT,2026-07-24,0.3911,79,1,0.3139,0.2077
FANG,2026-07-24,0.3897,80,1,0.3592,0.2033
VTR,2026-07-24,0.3862,81,1,0.2971,0.2073
ADI,2026-07-24,0.3812,82,1,0.7526,0.1663
JBL,2026-07-24,0.3805,83,1,0.6912,0.1713
ROST,2026-07-24,0.3751,84,1,0.7025,0.1682
CFG,2026-07-24,0.375,85,1,0.4497,0.1899
FDX,2026-07-24,0.3726,86,1,0.7323,0.1647
DAL,2026-07-24,0.3692,87,1,0.5764,0.1767
ALL,2026-07-24,0.3665,88,1,0.1964,0.2083
MNST,2026-07-24,0.3589,89,1,0.5722,0.1731
TECH,2026-07-24,0.3511,90,1,0.0655,0.2136
EXPD,2026-07-24,0.3473,91,1,0.4259,0.1812
USB,2026-07-24,0.3467,92,1,0.3413,0.1882
IRM,2026-07-24,0.3462,93,1,0.3856,0.1842
EOG,2026-07-24,0.3447,94,1,0.1749,0.2017
FITB,2026-07-24,0.3416,95,1,0.3163,0.1884
MGM,2026-07-24,0.3264,96,1,0.2302,0.1899
INCY,2026-07-24,0.3258,97,1,0.5152,0.1652
LLY,2026-07-24,0.3248,98,1,0.4359,0.1716
FRT,2026-07-24,0.3196,99,1,0.3313,0.1786
AIZ,2026-07-24,0.3177,100,1,0.4309,0.1693
SPG,2026-07-24,0.3157,101,2,0.3713,0.1736
JNJ,2026-07-24,0.3132,102,2,0.4593,0.1651
DGX,2026-07-24,0.311,103,2,0.1211,0.1933
GL,2026-07-24,0.3108,104,2,0.4384,0.166
CTVA,2026-07-24,0.3086,105,2,0.0831,0.1956
AAPL,2026-07-24,0.3039,106,2,0.3781,0.1685
PNC,2026-07-24,0.2999,107,2,0.2429,0.1786
MTB,2026-07-24,0.2878,108,2,0.21,0.1767
PFG,2026-07-24,0.287,109,2,0.4525,0.1556
MET,2026-07-24,0.2822,110,2,0.1698,0.178
ABBV,2026-07-24,0.2751,111,2,0.2844,0.1654
NXPI,2026-07-24,0.2747,112,2,0.3344,0.1609
IVZ,2026-07-24,0.2676,113,2,0.3161,0.1598
OXY,2026-07-24,0.2554,114,2,0.2238,0.163
BAC,2026-07-24,0.2548,115,2,0.2387,0.1615
KIM,2026-07-24,0.2477,116,2,0.195,0.1625
OKE,2026-07-24,0.2412,117,2,0.1508,0.1638
XOM,2026-07-24,0.2395,118,2,0.3284,0.1479
C,2026-07-24,0.2391,119,2,0.5772,0.1264
EBAY,2026-07-24,0.2362,120,2,0.3499,0.1447
NSC,2026-07-24,0.2359,121,2,0.1026,0.1658
D,2026-07-24,0.2267,122,2,0.2216,0.1521
AKAM,2026-07-24,0.2252,123,2,0.4909,0.1284
SWK,2026-07-24,0.2154,124,2,0.2037,0.1492
APH,2026-07-24,0.2147,125,2,0.5699,0.1176
PCAR,2026-07-24,0.2118,126,2,0.2146,0.1469
FCX,2026-07-24,0.2108,127,2,0.4178,0.1291
EQIX,2026-07-24,0.205,128,2,0.4257,0.1262
ROK,2026-07-24,0.2017,129,2,0.3088,0.1349
IEX,2026-07-24,0.2006,130,2,0.2123,0.1428
PM,2026-07-24,0.1935,131,2,0.1111,0.1487
BMY,2026-07-24,0.1918,132,2,0.1984,0.1406
MO,2026-07-24,0.1894,133,2,0.2865,0.1321
RVTY,2026-07-24,0.1885,134,2,0.0414,0.1527
BG,2026-07-24,0.1821,135,2,0.5061,0.1105
COP,2026-07-24,0.1818,136,2,0.2219,0.1347
TROW,2026-07-24,0.1816,137,2,0.048,0.1495
ETR,2026-07-24,0.1772,138,2,0.3185,0.1246
RTX,2026-07-24,0.177,139,2,0.2694,0.1288
JPM,2026-07-24,0.1744,140,2,0.1632,0.1369
BIIB,2026-07-24,0.1738,141,2,0.5424,0.1041
MAS,2026-07-24,0.1736,142,2,0.118,0.1404
PRU,2026-07-24,0.1733,143,2,0.0974,0.1421
CVX,2026-07-24,0.1701,144,2,0.222,0.1302
GE,2026-07-24,0.1698,145,2,0.3816,0.1164
CPAY,2026-07-24,0.169,146,2,0.0152,0.1475
WMB,2026-07-24,0.1627,147,2,0.3632,0.1152
RF,2026-07-24,0.1616,148,2,0.1627,0.132
UPS,2026-07-24,0.1603,149,2,0.1183,0.1353
DE,2026-07-24,0.1584,150,2,0.1822,0.129
LYV,2026-07-24,0.1558,151,2,0.1168,0.1337
CARR,2026-07-24,0.1519,152,2,-0.0633,0.1476
WSM,2026-07-24,0.1477,153,2,0.2797,0.1166
CAH,2026-07-24,0.1439,154,2,0.4691,0.0989
KEY,2026-07-24,0.1432,155,2,0.2824,0.1146
MAR,2026-07-24,0.1427,156,2,0.4296,0.1018
AME,2026-07-24,0.1422,157,2,0.3145,0.1114
CB,2026-07-24,0.1417,158,2,0.1988,0.1212
JCI,2026-07-24,0.1369,159,2,0.3122,0.1096
ESS,2026-07-24,0.1313,160,2,-0.0143,0.1354
SJM,2026-07-24,0.128,161,2,0.0526,0.1284
DVN,2026-07-24,0.126,162,2,0.3568,0.1016
TPL,2026-07-24,0.1234,163,2,0.1913,0.1147
NDSN,2026-07-24,0.1217,164,2,0.3509,0.1004
UAL,2026-07-24,0.118,165,2,0.339,0.1
ELV,2026-07-24,0.1142,166,2,0.4319,0.0905
EG,2026-07-24,0.1139,167,2,0.0319,0.1247
HSIC,2026-07-24,0.1123,168,2,0.1094,0.1175
PH,2026-07-24,0.1097,169,2,0.3255,0.0979
PLD,2026-07-24,0.109,170,2,0.3733,0.0936
AFL,2026-07-24,0.1081,171,2,0.1813,0.1097
XYZ,2026-07-24,0.1063,172,2,-0.087,0.132
ETN,2026-07-24,0.1037,173,2,0.1002,0.1149
GD,2026-07-24,0.1014,174,2,0.1927,0.1061
EVRG,2026-07-24,0.0987,175,2,0.2594,0.0993
LUV,2026-07-24,0.0904,176,2,0.3543,0.088
KMI,2026-07-24,0.0802,177,2,0.2566,0.0924
MCHP,2026-07-24,0.08,178,2,0.2728,0.091
CINF,2026-07-24,0.0799,179,2,0.1904,0.098
AMGN,2026-07-24,0.0798,180,2,0.1693,0.0998
HPQ,2026-07-24,0.0789,181,2,-0.0207,0.1157
REG,2026-07-24,0.0766,182,2,0.1428,0.1008
GM,2026-07-24,0.0757,183,2,0.6296,0.0587
AVGO,2026-07-24,0.0727,184,2,0.3745,0.0794
F,2026-07-24,0.071,185,2,0.3128,0.084
SBUX,2026-07-24,0.0706,186,2,0.0699,0.1047
PNW,2026-07-24,0.0703,187,2,0.1453,0.0981
PKG,2026-07-24,0.0598,188,2,0.1622,0.0926
BALL,2026-07-24,0.0558,189,2,0.028,0.1026
PSA,2026-07-24,0.0556,190,2,0.1497,0.0921
SNA,2026-07-24,0.0543,191,2,0.1924,0.0879
WAT,2026-07-24,0.0542,192,2,0.2426,0.0836
GNRC,2026-07-24,0.0532,193,2,0.8267,0.0331
AEP,2026-07-24,0.053,194,2,0.2525,0.0823
EQR,2026-07-24,0.0516,195,2,-0.0053,0.1038
TT,2026-07-24,0.0502,196,2,0.0669,0.0971
KO,2026-07-24,0.0492,197,2,0.1855,0.0865
NVDA,2026-07-24,0.0453,198,2,0.1992,0.0839
TDY,2026-07-24,0.0432,199,2,0.1025,0.0914
L,2026-07-24,0.0413,200,2,0.2046,0.0818
ECHO,2026-07-24,0.0409,201,3,2.6956,-0.1318
HON,2026-07-24,0.0384,202,3,0.019,0.0966
LH,2026-07-24,0.0324,203,3,0.0367,0.0928
CNP,2026-07-24,0.0308,204,3,0.1779,0.0801
HRL,2026-07-24,0.0207,205,3,-0.127,0.1023
TMO,2026-07-24,0.0201,206,3,0.1016,0.0825
FTV,2026-07-24,0.0191,207,3,0.1865,0.0748
AMP,2026-07-24,0.018,208,3,-0.1197,0.1007
DD,2026-07-24,0.0179,209,3,0.4651,0.0505
ES,2026-07-24,0.0148,210,3,0.1152,0.0793
O,2026-07-24,0.0141,211,3,0.1179,0.0788
UDR,2026-07-24,0.014,212,3,-0.0406,0.0923
BAX,2026-07-24,0.0136,213,3,-0.2631,0.1112
KVUE,2026-07-24,0.0128,214,3,-0.1501,0.1012
CTAS,2026-07-24,0.008,215,3,-0.2243,0.1057
MMM,2026-07-24,0.0063,216,3,0.0904,0.0781
LNT,2026-07-24,0.0051,217,3,0.1699,0.0708
LIN,2026-07-24,0.0033,218,3,0.0999,0.0761
ED,2026-07-24,0.0,219,3,0.0847,0.0762
TFC,2026-07-24,-0.0015,220,3,0.1484,0.0701
WBD,2026-07-24,-0.0022,221,3,1.0918,-0.011
LYB,2026-07-24,-0.0041,222,3,-0.0514,0.0862
TPR,2026-07-24,-0.0054,223,3,0.435,0.0441
AEE,2026-07-24,-0.0069,224,3,0.1384,0.0689
CPT,2026-07-24,-0.0096,225,3,-0.015,0.081
EME,2026-07-24,-0.0114,226,3,0.5025,0.036
LMT,2026-07-24,-0.0114,227,3,0.2593,0.0568
A,2026-07-24,-0.0116,228,3,0.0968,0.0707
PCG,2026-07-24,-0.0132,229,3,0.2371,0.058
INVH,2026-07-24,-0.0133,230,3,-0.0789,0.085
APD,2026-07-24,-0.0134,231,3,-0.0334,0.0811
EXPE,2026-07-24,-0.0138,232,3,0.3038,0.0521
BXP,2026-07-24,-0.0148,233,3,-0.0649,0.0833
SW,2026-07-24,-0.0162,234,3,-0.0114,0.0781
RL,2026-07-24,-0.0171,235,3,0.4235,0.0405
HLT,2026-07-24,-0.0187,236,3,0.2582,0.0541
ITW,2026-07-24,-0.022,237,3,0.025,0.0728
KHC,2026-07-24,-0.0234,238,3,-0.1669,0.0887
FE,2026-07-24,-0.0256,239,3,0.1875,0.0574
AVB,2026-07-24,-0.0276,240,3,-0.0821,0.0798
HIG,2026-07-24,-0.0289,241,3,0.0845,0.065
SCHW,2026-07-24,-0.0322,242,3,-0.0109,0.0719
WM,2026-07-24,-0.0332,243,3,-0.0209,0.0724
DTE,2026-07-24,-0.0352,244,3,0.1047,0.0609
CL,2026-07-24,-0.037,245,3,0.0505,0.0648
WRB,2026-07-24,-0.0453,246,3,0.034,0.063
SLB,2026-07-24,-0.0458,247,3,0.4293,0.0289
ACGL,2026-07-24,-0.0492,248,3,0.0529,0.0598
V,2026-07-24,-0.0504,249,3,-0.0591,0.069
HBAN,2026-07-24,-0.0559,250,3,0.0836,0.0546
GRMN,2026-07-24,-0.0581,251,3,0.0552,0.0562
EA,2026-07-24,-0.0621,252,3,0.3012,0.0336
RJF,2026-07-24,-0.066,253,3,-0.0099,0.0587
SYY,2026-07-24,-0.0687,254,3,0.0099,0.056
PAYX,2026-07-24,-0.0698,255,3,-0.2997,0.0821
NI,2026-07-24,-0.0702,256,3,0.1528,0.0432
GOOG,2026-07-24,-0.0705,257,3,0.8066,-0.013
EXR,2026-07-24,-0.0706,258,3,0.0219,0.0542
DUK,2026-07-24,-0.0719,259,3,0.072,0.0494
PPG,2026-07-24,-0.0726,260,3,0.0471,0.0513
SO,2026-07-24,-0.0768,261,3,0.0228,0.0518
GOOGL,2026-07-24,-0.0798,262,3,0.8141,-0.0172
AON,2026-07-24,-0.0812,263,3,-0.0902,0.0598
KDP,2026-07-24,-0.0829,264,3,-0.0621,0.0567
VRTX,2026-07-24,-0.0888,265,3,-0.0036,0.0494
FAST,2026-07-24,-0.0888,266,3,-0.0111,0.0501
NEE,2026-07-24,-0.0891,267,3,0.1469,0.0364
EMR,2026-07-24,-0.0905,268,3,0.0078,0.0478
IQV,2026-07-24,-0.0936,269,3,-0.0859,0.0546
AES,2026-07-24,-0.0944,270,3,0.1192,0.0367
QCOM,2026-07-24,-0.0961,271,3,0.3193,0.0189
DLTR,2026-07-24,-0.0961,272,3,-0.0118,0.0473
XEL,2026-07-24,-0.0978,273,3,0.1334,0.0342
BKR,2026-07-24,-0.0989,274,3,0.4916,0.0031
LII,2026-07-24,-0.0996,275,3,-0.1486,0.0576
ABNB,2026-07-24,-0.1003,276,3,-0.0042,0.045
EXC,2026-07-24,-0.101,277,3,0.0867,0.0369
SRE,2026-07-24,-0.1028,278,3,0.1815,0.0281
DLR,2026-07-24,-0.1043,279,3,0.1187,0.0329
TXT,2026-07-24,-0.1044,280,3,0.0051,0.0426
DOW,2026-07-24,-0.1056,281,3,0.0761,0.0361
HAL,2026-07-24,-0.1079,282,3,0.6795,-0.0165
CHD,2026-07-24,-0.1086,283,3,-0.0037,0.0418
KMB,2026-07-24,-0.1095,284,3,-0.154,0.0543
IFF,2026-07-24,-0.1101,285,3,-0.0055,0.0413
WEC,2026-07-24,-0.1206,286,3,0.0716,0.0306
CBOE,2026-07-24,-0.1214,287,3,0.0722,0.0303
HUBB,2026-07-24,-0.1228,288,3,0.2057,0.0183
OMC,2026-07-24,-0.129,289,3,0.0091,0.0328
SOLV,2026-07-24,-0.1315,290,3,0.0147,0.0313
GPN,2026-07-24,-0.1332,291,3,-0.2257,0.0513
PYPL,2026-07-24,-0.1335,292,3,-0.4466,0.0701
MDLZ,2026-07-24,-0.1366,293,3,-0.1144,0.0404
WFC,2026-07-24,-0.1395,294,3,0.0437,0.0257
VZ,2026-07-24,-0.1401,295,3,0.1426,0.017
TJX,2026-07-24,-0.141,296,3,0.3245,0.0011
DXCM,2026-07-24,-0.1428,297,3,-0.1903,0.0445
IR,2026-07-24,-0.1436,298,3,-0.1021,0.0367
CI,2026-07-24,-0.1452,299,3,-0.0357,0.0304
AMCR,2026-07-24,-0.1466,300,3,-0.1405,0.0388
ATO,2026-07-24,-0.1471,301,4,0.1016,0.0178
HAS,2026-07-24,-0.1483,302,4,0.1042,0.0172
CDNS,2026-07-24,-0.1538,303,4,0.186,0.008
AWK,2026-07-24,-0.1564,304,4,-0.1033,0.0318
GEN,2026-07-24,-0.1608,305,4,-0.223,0.0404
GILD,2026-07-24,-0.1622,306,4,0.1646,0.0066
AXP,2026-07-24,-0.1628,307,4,0.1194,0.0102
MAA,2026-07-24,-0.1637,308,4,-0.095,0.0283
ADP,2026-07-24,-0.1691,309,4,-0.252,0.0396
ZBRA,2026-07-24,-0.1711,310,4,-0.2755,0.0409
EW,2026-07-24,-0.1717,311,4,0.1396,0.0051
CMS,2026-07-24,-0.1748,312,4,0.055,0.0111
NDAQ,2026-07-24,-0.1756,313,4,-0.0607,0.0207
AIG,2026-07-24,-0.1795,314,4,-0.0376,0.0173
VRSN,2026-07-24,-0.1813,315,4,-0.1307,0.0245
PHM,2026-07-24,-0.1821,316,4,0.0527,0.0085
VST,2026-07-24,-0.183,317,4,-0.1367,0.0244
NWSA,2026-07-24,-0.1835,318,4,-0.1448,0.0249
HOOD,2026-07-24,-0.1959,319,4,0.0137,0.0065
GPC,2026-07-24,-0.1965,320,4,-0.1727,0.0223
MTD,2026-07-24,-0.197,321,4,-0.0511,0.0116
DRI,2026-07-24,-0.1979,322,4,0.0299,0.0044
RSG,2026-07-24,-0.1981,323,4,-0.1297,0.0179
ALLE,2026-07-24,-0.1997,324,4,-0.1502,0.0191
ALGN,2026-07-24,-0.2014,325,4,-0.1318,0.0169
PPL,2026-07-24,-0.2031,326,4,0.0172,0.0035
TTWO,2026-07-24,-0.2039,327,4,0.0501,0.0003
BRK-B,2026-07-24,-0.2051,328,4,0.0307,0.0015
AJG,2026-07-24,-0.2061,329,4,-0.3015,0.0296
BDX,2026-07-24,-0.2088,330,4,0.0346,-0.0003
NWS,2026-07-24,-0.2093,331,4,-0.1538,0.0157
AMZN,2026-07-24,-0.2189,332,4,0.0292,-0.0037
MCK,2026-07-24,-0.2192,333,4,0.0811,-0.0083
PG,2026-07-24,-0.221,334,4,-0.0264,0.0002
MA,2026-07-24,-0.2242,335,4,-0.1225,0.0072
PEG,2026-07-24,-0.2264,336,4,-0.0199,-0.0024
MCO,2026-07-24,-0.2282,337,4,-0.1031,0.004
PGR,2026-07-24,-0.2358,338,4,-0.0718,-0.0016
PFE,2026-07-24,-0.2372,339,4,0.052,-0.0127
WY,2026-07-24,-0.2398,340,4,-0.0331,-0.0064
RCL,2026-07-24,-0.242,341,4,-0.0967,-0.0019
MRSH,2026-07-24,-0.2524,342,4,-0.206,0.0035
BLK,2026-07-24,-0.2541,343,4,-0.058,-0.0099
DOV,2026-07-24,-0.2621,344,4,0.1917,-0.0343
MSCI,2026-07-24,-0.266,345,4,0.12,-0.0297
ZBH,2026-07-24,-0.2662,346,4,-0.0856,-0.0122
SYF,2026-07-24,-0.271,347,4,0.0797,-0.0282
ECL,2026-07-24,-0.2759,348,4,0.0036,-0.0235
MSI,2026-07-24,-0.2787,349,4,-0.0651,-0.0187
J,2026-07-24,-0.281,350,4,-0.124,-0.0146
IP,2026-07-24,-0.2837,351,4,-0.2724,-0.0029
COST,2026-07-24,-0.29,352,4,0.0228,-0.0307
TSN,2026-07-24,-0.2944,353,4,0.0909,-0.0382
YUM,2026-07-24,-0.3011,354,4,0.0403,-0.0364
NEM,2026-07-24,-0.3065,355,4,0.6026,-0.0867
LHX,2026-07-24,-0.3092,356,4,0.129,-0.0472
CDW,2026-07-24,-0.3104,357,4,-0.2638,-0.014
COF,2026-07-24,-0.3115,358,4,-0.0768,-0.0304
VLTO,2026-07-24,-0.3173,359,4,-0.1718,-0.0245
VMC,2026-07-24,-0.325,360,4,0.125,-0.053
WTW,2026-07-24,-0.3288,361,4,-0.1582,-0.0301
DG,2026-07-24,-0.3352,362,4,0.059,-0.0512
COO,2026-07-24,-0.3353,363,4,-0.0942,-0.0381
BA,2026-07-24,-0.3364,364,4,-0.0515,-0.0422
ARE,2026-07-24,-0.3381,365,4,-0.3303,-0.019
BF-B,2026-07-24,-0.3386,366,4,-0.067,-0.0417
FDS,2026-07-24,-0.3431,367,4,-0.4682,-0.0091
DHI,2026-07-24,-0.3439,368,4,0.0286,-0.052
SWKS,2026-07-24,-0.3471,369,4,0.0429,-0.0545
SPGI,2026-07-24,-0.3498,370,4,-0.2207,-0.0329
EQT,2026-07-24,-0.3563,371,4,-0.0382,-0.0511
WMT,2026-07-24,-0.3567,372,4,0.2563,-0.0764
DHR,2026-07-24,-0.3646,373,4,-0.0526,-0.053
DECK,2026-07-24,-0.3702,374,4,-0.0195,-0.058
COR,2026-07-24,-0.3711,375,4,-0.0333,-0.0572
TDG,2026-07-24,-0.3781,376,4,-0.1172,-0.0527
TKO,2026-07-24,-0.379,377,4,0.2364,-0.0834
VICI,2026-07-24,-0.3834,378,4,-0.1527,-0.0517
REGN,2026-07-24,-0.3847,379,4,0.1078,-0.0745
SHW,2026-07-24,-0.3873,380,4,-0.0416,-0.0627
VRSK,2026-07-24,-0.3881,381,4,-0.4085,-0.0316
META,2026-07-24,-0.3883,382,4,-0.1997,-0.0496
APO,2026-07-24,-0.3887,383,4,-0.1133,-0.0572
HD,2026-07-24,-0.4012,384,4,-0.1022,-0.0629
BX,2026-07-24,-0.4054,385,4,-0.2654,-0.0506
NRG,2026-07-24,-0.4139,386,4,-0.0956,-0.0684
CME,2026-07-24,-0.4176,387,4,-0.0836,-0.0709
TEL,2026-07-24,-0.4251,388,4,0.137,-0.0927
T,2026-07-24,-0.4258,389,4,-0.1404,-0.0692
AMT,2026-07-24,-0.4299,390,4,-0.1982,-0.0658
PEP,2026-07-24,-0.4341,391,4,0.0112,-0.0854
ORLY,2026-07-24,-0.438,392,4,-0.0819,-0.0789
SYK,2026-07-24,-0.4387,393,4,-0.2096,-0.0682
ABT,2026-07-24,-0.4422,394,4,-0.2685,-0.0645
MDT,2026-07-24,-0.4425,395,4,-0.0998,-0.0791
JKHY,2026-07-24,-0.4446,396,4,-0.2959,-0.0631
AXON,2026-07-24,-0.4469,397,4,-0.3992,-0.0551
BKNG,2026-07-24,-0.4474,398,4,-0.2625,-0.067
FSLR,2026-07-24,-0.4503,399,4,0.3847,-0.1236
CBRE,2026-07-24,-0.4516,400,4,-0.0689,-0.0852
ICE,2026-07-24,-0.4543,401,5,-0.255,-0.0704
CCL,2026-07-24,-0.4573,402,5,-0.0288,-0.0909
NCLH,2026-07-24,-0.4597,403,5,-0.136,-0.0826
HSY,2026-07-24,-0.4607,404,5,0.0162,-0.0961
SMCI,2026-07-24,-0.4737,405,5,-0.3317,-0.0713
AVY,2026-07-24,-0.4744,406,5,-0.1114,-0.0904
MLM,2026-07-24,-0.479,407,5,0.0638,-0.1072
XYL,2026-07-24,-0.4813,408,5,-0.1466,-0.0901
TAP,2026-07-24,-0.4875,409,5,-0.1981,-0.0881
STE,2026-07-24,-0.493,410,5,-0.0842,-0.1
EXE,2026-07-24,-0.4971,411,5,-0.0806,-0.1018
AOS,2026-07-24,-0.498,412,5,-0.1751,-0.0941
ARES,2026-07-24,-0.4983,413,5,-0.2974,-0.0837
SBAC,2026-07-24,-0.4995,414,5,-0.1892,-0.0935
BRO,2026-07-24,-0.5108,415,5,-0.4097,-0.0789
ROP,2026-07-24,-0.5117,416,5,-0.4119,-0.0791
CLX,2026-07-24,-0.5135,417,5,-0.254,-0.0933
STZ,2026-07-24,-0.5237,418,5,-0.1602,-0.1053
DIS,2026-07-24,-0.529,419,5,-0.139,-0.1092
CMG,2026-07-24,-0.5355,420,5,-0.4091,-0.0885
CEG,2026-07-24,-0.5388,421,5,-0.1451,-0.1124
WYNN,2026-07-24,-0.5389,422,5,-0.0242,-0.1229
NOC,2026-07-24,-0.5392,423,5,-0.0754,-0.1186
MCD,2026-07-24,-0.5398,424,5,-0.0699,-0.1193
CRH,2026-07-24,-0.5418,425,5,0.1626,-0.14
IDXX,2026-07-24,-0.5574,426,5,0.0175,-0.1336
FOXA,2026-07-24,-0.5626,427,5,-0.119,-0.1239
NVR,2026-07-24,-0.5651,428,5,-0.1922,-0.1186
EL,2026-07-24,-0.5659,429,5,-0.0451,-0.1315
GIS,2026-07-24,-0.5684,430,5,-0.2944,-0.1111
KKR,2026-07-24,-0.5723,431,5,-0.3508,-0.1078
FOX,2026-07-24,-0.5786,432,5,-0.1237,-0.1297
MOS,2026-07-24,-0.5837,433,5,-0.3873,-0.109
MSFT,2026-07-24,-0.592,434,5,-0.254,-0.1237
DASH,2026-07-24,-0.5975,435,5,-0.2848,-0.1232
ULTA,2026-07-24,-0.6,436,5,-0.0863,-0.1411
CCI,2026-07-24,-0.602,437,5,-0.1983,-0.1323
LOW,2026-07-24,-0.6105,438,5,-0.0401,-0.1492
UBER,2026-07-24,-0.6108,439,5,-0.241,-0.1321
HII,2026-07-24,-0.6186,440,5,0.1351,-0.1673
ALB,2026-07-24,-0.6194,441,5,0.8262,-0.2268
FICO,2026-07-24,-0.6213,442,5,-0.2822,-0.1326
KR,2026-07-24,-0.6269,443,5,-0.1979,-0.142
TMUS,2026-07-24,-0.6297,444,5,-0.1938,-0.1434
DPZ,2026-07-24,-0.6369,445,5,-0.4002,-0.1285
OTIS,2026-07-24,-0.6378,446,5,-0.2751,-0.1396
MKC,2026-07-24,-0.6385,447,5,-0.3314,-0.135
EFX,2026-07-24,-0.6421,448,5,-0.3535,-0.1345
HCA,2026-07-24,-0.6453,449,5,0.1099,-0.1755
GEHC,2026-07-24,-0.6512,450,5,-0.1655,-0.1541
VEEV,2026-07-24,-0.6537,451,5,-0.44,-0.1316
LVS,2026-07-24,-0.6565,452,5,0.0041,-0.1707
CVNA,2026-07-24,-0.6673,453,5,-0.051,-0.1702
AZO,2026-07-24,-0.6926,454,5,-0.1927,-0.1678
GDDY,2026-07-24,-0.6964,455,5,-0.5508,-0.1386
SNPS,2026-07-24,-0.721,456,5,-0.2498,-0.1739
CMCSA,2026-07-24,-0.7251,457,5,-0.2866,-0.1723
RMD,2026-07-24,-0.7361,458,5,-0.2777,-0.1773
ERIE,2026-07-24,-0.7514,459,5,-0.3834,-0.1742
APP,2026-07-24,-0.7677,460,5,0.3343,-0.242
TSLA,2026-07-24,-0.7788,461,5,0.149,-0.2304
PLTR,2026-07-24,-0.7861,462,5,-0.2171,-0.2019
UHS,2026-07-24,-0.7924,463,5,-0.0996,-0.2144
LEN,2026-07-24,-0.7947,464,5,-0.2527,-0.2021
APTV,2026-07-24,-0.8012,465,5,-0.1222,-0.2158
ADSK,2026-07-24,-0.8124,466,5,-0.3695,-0.199
IBM,2026-07-24,-0.8307,467,5,-0.0363,-0.2346
BR,2026-07-24,-0.8678,468,5,-0.43,-0.2152
CRM,2026-07-24,-0.9241,469,5,-0.413,-0.2385
FIS,2026-07-24,-0.9387,470,5,-0.5191,-0.235
ADBE,2026-07-24,-0.9427,471,5,-0.4705,-0.2407
CPRT,2026-07-24,-0.945,472,5,-0.3619,-0.2509
WDAY,2026-07-24,-0.9489,473,5,-0.5185,-0.239
NKE,2026-07-24,-0.9553,474,5,-0.4224,-0.2497
TYL,2026-07-24,-0.9593,475,5,-0.5059,-0.2441
NFLX,2026-07-24,-0.9675,476,5,-0.3881,-0.2574
TRMB,2026-07-24,-0.9768,477,5,-0.4039,-0.2596
FISV,2026-07-24,-0.987,478,5,-0.7141,-0.2369
ROL,2026-07-24,-0.9943,479,5,-0.1858,-0.285
PSKY,2026-07-24,-1.0196,480,5,-0.2463,-0.2897
BLDR,2026-07-24,-1.0215,481,5,-0.4135,-0.2761
PTC,2026-07-24,-1.0303,482,5,-0.4463,-0.2766
COIN,2026-07-24,-1.0327,483,5,-0.6089,-0.2637
NOW,2026-07-24,-1.0428,484,5,-0.5015,-0.2767
ISRG,2026-07-24,-1.0768,485,5,-0.211,-0.3148
IT,2026-07-24,-1.0935,486,5,-0.6377,-0.2847
LDOS,2026-07-24,-1.1079,487,5,-0.3352,-0.3162
PNR,2026-07-24,-1.1267,488,5,-0.2969,-0.3267
LULU,2026-07-24,-1.1357,489,5,-0.5136,-0.3116
TSCO,2026-07-24,-1.1526,490,5,-0.4863,-0.3205
CTSH,2026-07-24,-1.1634,491,5,-0.4555,-0.3273
ZTS,2026-07-24,-1.1736,492,5,-0.4856,-0.3287
PODD,2026-07-24,-1.181,493,5,-0.4961,-0.3306
ORCL,2026-07-24,-1.2088,494,5,-0.3009,-0.3581
ACN,2026-07-24,-1.2154,495,5,-0.5536,-0.339
CHTR,2026-07-24,-1.2831,496,5,-0.6672,-0.3554
INTU,2026-07-24,-1.4117,497,5,-0.6612,-0.4057
BSX,2026-07-24,-1.4167,498,5,-0.558,-0.4165
TTD,2026-07-24,-1.5433,499,5,-0.7805,-0.4463
CSGP,2026-07-24,-1.5486,500,5,-0.6447,-0.46
