date,symbol,net,net_pct
2026-07-03,2S.BK,100.0,0.2044947956074518
2026-07-03,88TH.BK,6900.0,1.8148295243831551
2026-07-03,AAI.BK,1104600.0,17.905634098707605
2026-07-03,AAV.BK,3024600.0,8.964589870013446
2026-07-03,ACC.BK,300.0,0.0325909831613253
2026-07-03,ACE.BK,-147500.0,-21.41165984638767
2026-07-03,ADB.BK,77500.0,20.01963215540401
2026-07-03,ADD.BK,-400.0,-0.1526024439281395
2026-07-03,ADVANC.BK,1127114.0,14.262310121356569
2026-07-03,ADVICE.BK,-186400.0,-4.610055807891258
2026-07-03,AE.BK,-3400.0,-0.2817237516323406
2026-07-03,AEONTS.BK,182400.0,23.367808537705574
2026-07-03,AGE.BK,107900.0,10.48773304588456
2026-07-03,AH.BK,-972400.0,-41.35931092767947
2026-07-03,AI.BK,-3700.0,-1.1145551870494712
2026-07-03,AIE.BK,-264898.0,-17.199292544709408
2026-07-03,AIT.BK,91000.0,12.22226251539535
2026-07-03,AJ.BK,87700.0,1.932270929501635
2026-07-03,AJA.BK,0.0,0.0
2026-07-03,AKP.BK,-1400.0,-0.2377305561876169
2026-07-03,AKR.BK,-2000.0,-0.1020177061930868
2026-07-03,AKS.BK,-894256.0,-1.9052015968859088
2026-07-03,ALLA.BK,500.0,0.2028389337162932
2026-07-03,ALPHAX.BK,-1300.0,-0.0658660729937954
2026-07-03,ALT.BK,340000.0,6.869167016522772
2026-07-03,AMARC.BK,1222900.0,15.730559657526848
2026-07-03,AMARIN.BK,-100.0,-1.4925373134328357
2026-07-03,AMATA.BK,2006200.0,30.5242419110835
2026-07-03,AMATAV.BK,100.0,0.0226295541977823
2026-07-03,ANAN.BK,4300.0,0.091813561247332
2026-07-03,ANI.BK,-400.0,-0.2009030592513347
2026-07-03,AOT.BK,11556700.0,38.84628153922126
2026-07-03,AP.BK,-555600.0,-6.409329103822134
2026-07-03,APO.BK,16700.0,8.048347919959904
2026-07-03,AQUA.BK,-5900.0,-0.0609019621889651
2026-07-03,ARIN.BK,3000.0,0.6065495217357021
2026-07-03,AS.BK,20800.0,4.582486968552684
2026-07-03,ASAP.BK,-100.0,-0.7751337105650725
2026-07-03,ASEFA.BK,330400.0,33.050873737459625
2026-07-03,ASIAN.BK,47500.0,6.846560648275604
2026-07-03,ASK.BK,471100.0,22.84094633565476
2026-07-03,ASP.BK,56400.0,3.208895696097095
2026-07-03,ASTR.BK,-17300.0,-6.92551270811566
2026-07-03,ATLAS.BK,825400.0,16.53208393988362
2026-07-03,AU.BK,46000.0,6.162717168794144
2026-07-03,AUCT.BK,46401.0,4.5109514597085445
2026-07-03,AURA.BK,127900.0,3.8367897439220338
2026-07-03,AWC.BK,11517602.0,18.9727891019749
2026-07-03,AYUD.BK,2400.0,11.87883587408434
2026-07-03,BA.BK,-412900.0,-8.754866700846481
2026-07-03,BAFS.BK,23101.0,5.416704769542085
2026-07-03,BAM.BK,4105501.0,15.814595741589375
2026-07-03,BANPU.BK,9579300.0,17.55275496786136
2026-07-03,BAY.BK,1082990.0,21.974305043504653
2026-07-03,BBGI.BK,-181400.0,-9.686119534404146
2026-07-03,BBIK.BK,381700.0,12.710648106523022
2026-07-03,BBL.BK,533876.0,3.9863670422611985
2026-07-03,BCH.BK,507900.0,4.619824550360726
2026-07-03,BCP.BK,339500.0,5.438645589819112
2026-07-03,BCPG.BK,674701.0,11.50194716237991
2026-07-03,BDMS.BK,-3655297.0,-3.5980957687823745
2026-07-03,BE8.BK,-9300.0,-2.0588430630271635
2026-07-03,BEAUTY.BK,-300.0,-0.0080299807360762
2026-07-03,BEC.BK,-13600.0,-0.3771372729758404
2026-07-03,BEM.BK,19379589.0,13.30111927929411
2026-07-03,BGRIM.BK,-2101900.0,-5.201991016956699
2026-07-03,BH.BK,516100.0,10.734030036565583
2026-07-03,BIG.BK,-76900.0,-2.928621236350397
2026-07-03,BIOTEC.BK,11900.0,0.5376827500077942
2026-07-03,BIS.BK,100.0,0.0471918490238366
2026-07-03,BIZ.BK,23800.0,2.4587183259227428
2026-07-03,BJC.BK,1554158.0,15.301507005832
2026-07-03,BKA.BK,-1000.0,-0.0420097286129521
2026-07-03,BKGI.BK,65200.0,5.014944843298357
2026-07-03,BKIH.BK,2800.0,18.917640699952702
2026-07-03,BLA.BK,-261400.0,-8.627353132019627
2026-07-03,BLAND.BK,152500.0,5.406070325707761
2026-07-03,BLC.BK,-19800.0,-4.114610608214259
2026-07-03,BOL.BK,2.0,0.0007748574262335
2026-07-03,BPP.BK,-63900.0,-20.14101865014199
2026-07-03,BRR.BK,200.0,0.1457715322774615
2026-07-03,BTC.BK,109800.0,6.772376598416571
2026-07-03,BTG.BK,-1847800.0,-20.25228441011413
2026-07-03,BTS.BK,18799600.0,25.80498935809794
2026-07-03,BTW.BK,-100.0,-0.0702725873663942
2026-07-03,BWG.BK,65600.0,0.1059759533130692
2026-07-03,BWG-W8.BK,-20000.0,-0.0259337706994605
2026-07-03,BYD.BK,-1300.0,-0.1255857852347826
2026-07-03,CAZ.BK,-2800.0,-0.0873497039157
2026-07-03,CBG.BK,482500.0,3.589094567769618
2026-07-03,CCET.BK,1034446.0,2.8687606467913436
2026-07-03,CCP.BK,-12100.0,-1.7298168967370793
2026-07-03,CEN.BK,-800.0,-0.0683875247477355
2026-07-03,CENTEL.BK,346100.0,9.606102609051884
2026-07-03,CFARM.BK,54100.0,4.936122379338724
2026-07-03,CFRESH.BK,900.0,0.2341311134235171
2026-07-03,CGH.BK,-84700.0,-0.7829121429303634
2026-07-03,CHAYO.BK,781500.0,8.246768643791198
2026-07-03,CHG.BK,166100.0,0.564318862376661
2026-07-03,CHO.BK,200000.0,2.825103758998309
2026-07-03,CHOW.BK,-300.0,-0.6802258349772125
2026-07-03,CI.BK,-7000.0,-2.263906856403622
2026-07-03,CIVIL.BK,-36000.0,-1.2204217235066783
2026-07-03,CK.BK,195300.0,4.760694071656124
2026-07-03,CKP.BK,1037100.0,5.953981937119498
2026-07-03,CMAN.BK,-100.0,-0.11001100110011
2026-07-03,CMO.BK,-3600.0,-0.2840456303524848
2026-07-03,CMR.BK,10000.0,3.918909916017761
2026-07-03,CNT.BK,135300.0,2.9725079266878045
2026-07-03,COCOCO.BK,468900.0,27.92595720402148
2026-07-03,COM7.BK,810200.0,5.272414709321209
2026-07-03,COMAN.BK,0.0,0.0
2026-07-03,CPALL.BK,613900.0,1.3925296579442228
2026-07-03,CPAXT.BK,1977500.0,7.749374377625309
2026-07-03,CPF.BK,-2426098.0,-4.146515177649293
2026-07-03,CPH.BK,-800.0,-2.711864406779661
2026-07-03,CPI.BK,12000.0,5.224819634872188
2026-07-03,CPN.BK,1637500.0,21.28748254426431
2026-07-03,CPW.BK,-800.0,-0.3581020590868397
2026-07-03,CRC.BK,1837400.0,14.027450102885016
2026-07-03,CREDIT.BK,-78200.0,-8.689352321012676
2026-07-03,CSS.BK,-93000.0,-5.852907006747835
2026-07-03,CTW.BK,2400.0,2.600216684723727
2026-07-03,CWT.BK,10000.0,0.2953775190533269
2026-07-03,DCC.BK,50912.0,5.064172511307154
2026-07-03,DELTA.BK,1179019.0,10.609630905977689
2026-07-03,DEMCO.BK,-23700.0,-8.442395788063806
2026-07-03,DEMCO-W8.BK,0.0,0.0
2026-07-03,DITTO.BK,328800.0,5.377652517290919
2026-07-03,DMT.BK,-41800.0,-10.258147005627256
2026-07-03,DOHOME.BK,36100.0,0.0902479558837992
2026-07-03,DRT.BK,100.0,0.0358008470480411
2026-07-03,DUSIT.BK,-5000.0,-2.8223393806658463
2026-07-03,EA.BK,328400.0,0.5396128051367458
2026-07-03,EASTW.BK,1278600.0,30.443176071368367
2026-07-03,ECF.BK,-14770.0,-0.051949575779131
2026-07-03,ECF-W6.BK,-48000.0,-0.2710952944577786
2026-07-03,EGCO.BK,551300.0,21.788851680484452
2026-07-03,EKH.BK,55500.0,10.810558116976082
2026-07-03,EMPIRE.BK,252400.0,1.525382171993125
2026-07-03,EMPIRE-W2.BK,-600.0,-0.0821018062397372
2026-07-03,EPG.BK,8487405.0,12.396650215999898
2026-07-03,ERW.BK,1253700.0,6.0216207742026215
2026-07-03,ESTAR.BK,98800.0,1.986368845372846
2026-07-03,ETC.BK,292200.0,5.349297012302285
2026-07-03,ETL.BK,-50000.0,-7.526946468356717
2026-07-03,EVER.BK,2500.0,2.2083049934192513
2026-07-03,FM.BK,-74700.0,-3.4666339958456085
2026-07-03,FORTH.BK,-931100.0,-17.332354932973246
2026-07-03,FSMART.BK,155000.0,11.75085459037658
2026-07-03,FSX.BK,-1600.0,-1.7640573318632855
2026-07-03,GABLE.BK,70100.0,9.236737178591852
2026-07-03,GBX.BK,30000.0,1.522222932592924
2026-07-03,GFC.BK,5700.0,18.75
2026-07-03,GFPT.BK,-26500.0,-0.5829954526354695
2026-07-03,GJS.BK,-100.0,-0.006414487504899
2026-07-03,GLOBAL.BK,4122228.0,12.277995617575828
2026-07-03,GLORY.BK,-1500.0,-4.2492917847025495
2026-07-03,GPI.BK,15000.0,3.573130061934254
2026-07-03,GPSC.BK,3081500.0,16.921379695113146
2026-07-03,GREEN.BK,-2700.0,-1.469707691470252
2026-07-03,GULF.BK,4063701.0,5.231768901738335
2026-07-03,GUNKUL.BK,21914201.0,16.055888721593348
2026-07-03,HANA.BK,-1988190.0,-12.95410365745795
2026-07-03,HARN.BK,121400.0,34.444602071215776
2026-07-03,HFT.BK,1000.0,0.2721829069134458
2026-07-03,HMPRO.BK,8597000.0,25.071121115970225
2026-07-03,HPT.BK,-117200.0,-1.3784070883055566
2026-07-03,HTC.BK,4600.0,1.4413014325282931
2026-07-03,HTECH.BK,99200.0,27.022609643149003
2026-07-03,HUMAN.BK,60500.0,5.8697118020015235
2026-07-03,ICHI.BK,1619700.0,14.035445891653325
2026-07-03,ICN.BK,-7800.0,-0.5452238738156234
2026-07-03,ILINK.BK,21800.0,5.756535516239768
2026-07-03,ILM.BK,12400.0,2.005657896226613
2026-07-03,INET.BK,328400.0,13.849451736305426
2026-07-03,INGRS.BK,-2731000.0,-7.987738835511691
2026-07-03,INSET.BK,19605200.0,43.24453856606985
2026-07-03,IROYAL.BK,5200.0,1.2903225806451613
2026-07-03,IRPC.BK,-4514500.0,-2.7911176515473635
2026-07-03,IT.BK,-600.0,-0.2847650688182249
2026-07-03,ITC.BK,2346100.0,32.64710539945635
2026-07-03,ITD.BK,-3345700.0,-3.2221127403928733
2026-07-03,ITEL.BK,1146600.0,12.663898413135996
2026-07-03,IVL.BK,8425992.0,31.10451859085544
2026-07-03,JAK.BK,-50000.0,-1.0671554523213085
2026-07-03,JAS.BK,781600.0,4.571305047934953
2026-07-03,JAS-W4.BK,5000.0,0.0399648373375169
2026-07-03,JCK.BK,-906500.0,-76.96918855031313
2026-07-03,JMART.BK,2073880.0,6.815085067961569
2026-07-03,JMT.BK,1459302.0,9.17489380796426
2026-07-03,JPARK.BK,35100.0,4.547798528638174
2026-07-03,JTS.BK,-60700.0,-9.426153772092064
2026-07-03,JUBILE.BK,-70.0,-0.1345377666730732
2026-07-03,KAMART.BK,216200.0,14.758082131935344
2026-07-03,KBANK.BK,-1154190.0,-6.5204650710314285
2026-07-03,KBS.BK,-7700.0,-4.396482813749001
2026-07-03,KCC.BK,-16100.0,-3.930587293216929
2026-07-03,KCE.BK,-623493.0,-3.638482399088753
2026-07-03,KCG.BK,-15700.0,-5.868917539839483
2026-07-03,KCM.BK,-100.0,-0.0486144871171609
2026-07-03,KGEN.BK,-4250500.0,-5.713094611776908
2026-07-03,KGI.BK,5173400.0,38.410217619787105
2026-07-03,KIAT.BK,-100.0,-0.0305888974537801
2026-07-03,KISS.BK,-18500.0,-6.816456768925801
2026-07-03,KKP.BK,4419665.0,22.94871725639648
2026-07-03,KLINIQ.BK,128500.0,43.4029243775818
2026-07-03,KSL.BK,76400.0,9.133217056163309
2026-07-03,KTB.BK,-4701475.0,-5.179246791513084
2026-07-03,KTC.BK,10713647.0,17.745044043742826
2026-07-03,KUMWEL.BK,-76200.0,-4.705155912318617
2026-07-03,KYE.BK,500.0,8.942944017170452
2026-07-03,LANNA.BK,21951.0,11.401162398134346
2026-07-03,LH.BK,8816003.0,28.419374928053003
2026-07-03,LHFG.BK,6324800.0,24.226920380276233
2026-07-03,LOXLEY.BK,18500.0,1.647373107747106
2026-07-03,LPN.BK,-2500.0,-0.2787683345933662
2026-07-03,LST.BK,78200.0,57.839808877153274
2026-07-03,LTS.BK,10700.0,2.4015585441617437
2026-07-03,M.BK,1808275.0,17.97515789490426
2026-07-03,MAGURO.BK,5500.0,0.3917546333888912
2026-07-03,MAJOR.BK,43900.0,5.019500588276322
2026-07-03,MALEE.BK,-19400.0,-3.3071827235502096
2026-07-03,MASTEC.BK,241000.0,5.619782754588984
2026-07-03,MASTER.BK,143700.0,2.177170466235677
2026-07-03,MBK.BK,296100.0,10.3186479330295
2026-07-03,MC.BK,266800.0,21.67609511808516
2026-07-03,MCOT.BK,900.0,4.285714285714286
2026-07-03,MCS.BK,17000.0,4.361725601276703
2026-07-03,MEB.BK,-85500.0,-12.519933051305369
2026-07-03,MEDEZE.BK,34800.0,18.780356179168916
2026-07-03,MEGA.BK,153900.0,20.958936010557096
2026-07-03,MENA.BK,-3600.0,-0.4380276103403717
2026-07-03,META.BK,-500200.0,-2.4237101847335234
2026-07-03,METCO.BK,300.0,2.959455460195324
2026-07-03,MFC.BK,8500.0,8.610821269741574
2026-07-03,MGC.BK,-2900.0,-0.1833458725050736
2026-07-03,MGI.BK,68500.0,0.912294412456428
2026-07-03,MICRO.BK,-4100.0,-0.2044479904258501
2026-07-03,MIDA.BK,146400.0,3.501889680907047
2026-07-03,MILL.BK,1197200.0,3.4989786413540753
2026-07-03,MINT.BK,7087601.0,16.985215296728022
2026-07-03,ML.BK,44800.0,1.344632246082108
2026-07-03,MMM.BK,100.0,0.0431659645003107
2026-07-03,MODERN.BK,7000.0,8.674101610904584
2026-07-03,MONO.BK,300800.0,9.494317139862211
2026-07-03,MORE.BK,-100.0,-0.0056097834623583
2026-07-03,MOSHI.BK,130300.0,17.563629403375774
2026-07-03,MOTHER.BK,5200.0,1.0738964681197312
2026-07-03,MRDIYT.BK,-722700.0,-4.171778206173469
2026-07-03,MSC.BK,100.0,0.8547008547008548
2026-07-03,MST.BK,1500.0,0.3899142188718482
2026-07-03,MTC.BK,-1181700.0,-4.715766615165829
2026-07-03,MTI.BK,-8700.0,-5.1950533537950765
2026-07-03,MTW.BK,-49000.0,-59.38458182347024
2026-07-03,MVP.BK,-700.0,-0.0040321098798327
2026-07-03,NCAP.BK,1468200.0,25.068275279781385
2026-07-03,NCP.BK,15000.0,89.74512384827091
2026-07-03,NEO.BK,15900.0,3.5330035863319424
2026-07-03,NER.BK,2055200.0,28.963004102763424
2026-07-03,NETBAY.BK,-588200.0,-18.437900449129952
2026-07-03,NEX.BK,672700.0,7.413060187723325
2026-07-03,NNCL.BK,100.0,0.1506024096385542
2026-07-03,NOBLE.BK,-5100.0,-0.4860647152280263
2026-07-03,NSL.BK,-25900.0,-5.292421620053169
2026-07-03,NTF.BK,-10500.0,-0.9468749070033572
2026-07-03,NTSC.BK,-5000.0,-9.208103130755063
2026-07-03,NVD.BK,-1400.0,-0.0389169306995095
2026-07-03,NYT.BK,148700.0,10.351750678050111
2026-07-03,OKJ.BK,57800.0,2.299920815875024
2026-07-03,ONEE.BK,13500.0,1.4645465818025205
2026-07-03,OR.BK,9520201.0,21.5703211154847
2026-07-03,ORI.BK,-1880500.0,-10.174106253052772
2026-07-03,ORI-W2.BK,-10000.0,-0.0725525766757396
2026-07-03,OSP.BK,1447001.0,13.574346135830986
2026-07-03,PACO.BK,24300.0,6.651993955719073
2026-07-03,PCE.BK,260300.0,10.430357429075173
2026-07-03,PCSGH.BK,-100.0,-0.1310615989515072
2026-07-03,PHOL.BK,10000.0,3.679893430286259
2026-07-03,PIN.BK,106800.0,17.802789103626235
2026-07-03,PK.BK,-3100.0,-2.919020715630885
2026-07-03,PLANB.BK,3201100.0,5.0318066738723575
2026-07-03,PLAT.BK,-981200.0,-11.383047194865425
2026-07-03,PLE.BK,-100.0,-0.0027470203070729
2026-07-03,PLUS.BK,20000.0,1.6680942773523673
2026-07-03,PM.BK,18500.0,4.158976307323621
2026-07-03,PMC.BK,0.0,0.0
2026-07-03,PPPM.BK,-100.0,-0.035663338088445
2026-07-03,PQS.BK,-2900.0,-1.3022002694207453
2026-07-03,PR9.BK,-650700.0,-17.224629605609717
2026-07-03,PRG.BK,-5.0,-0.0475963826749167
2026-07-03,PRM.BK,471300.0,14.154215781965611
2026-07-03,PRTR.BK,-2180600.0,-89.8631735720014
2026-07-03,PSGC.BK,70000.0,38.20022374416765
2026-07-03,PSH.BK,76400.0,7.374083186221661
2026-07-03,PSL.BK,2599200.0,23.324144680408875
2026-07-03,PSP.BK,300900.0,6.417966381288631
2026-07-03,PT.BK,137500.0,31.521514866692645
2026-07-03,PTG.BK,952200.0,17.124066759042872
2026-07-03,PTL.BK,-137992.0,-1.4939636579850435
2026-07-03,PTT.BK,29862510.0,29.950224323469417
2026-07-03,PTTEP.BK,-917016.0,-5.413162290621414
2026-07-03,PTTGC.BK,291400.0,1.4236146700120798
2026-07-03,PYLON.BK,-76200.0,-17.031700867901503
2026-07-03,QDC.BK,-17.0,-0.0050388435557636
2026-07-03,QH.BK,2278800.0,8.662572282186371
2026-07-03,QTC.BK,-5400.0,-16.77018633540373
2026-07-03,RABBIT.BK,-211510.0,-2.6051109490777233
2026-07-03,RABBIT-P.BK,-300.0,-0.0517955801104972
2026-07-03,RAM.BK,-4000.0,-3.1741749129085757
2026-07-03,RATCH.BK,2729800.0,14.07731570373609
2026-07-03,RBF.BK,-198700.0,-10.788722391567095
2026-07-03,RCL.BK,637600.0,17.710938921427154
2026-07-03,READY.BK,15500.0,14.220183486238533
2026-07-03,RJH.BK,3000.0,0.7442451245742298
2026-07-03,RML.BK,-100.0,-0.0067281168001076
2026-07-03,ROJNA.BK,954700.0,19.571650033395013
2026-07-03,RSP.BK,-1000.0,-0.99304865938431
2026-07-03,RWI.BK,-200.0,-0.0309885342423303
2026-07-03,S.BK,-3500.0,-0.1147843562696527
2026-07-03,S&J.BK,-1.0,-0.0005041415226082
2026-07-03,S11.BK,100.0,0.0665220919867488
2026-07-03,SABINA.BK,6700.0,1.6725121381944357
2026-07-03,SAK.BK,1666500.0,24.404144941144494
2026-07-03,SALEE.BK,-700.0,-0.0783522740628228
2026-07-03,SAMART.BK,24100.0,1.6172304157422954
2026-07-03,SAMTEL.BK,40000.0,12.452912424893372
2026-07-03,SANKO.BK,-4700.0,-0.0368639016125996
2026-07-03,SAPPE.BK,134200.0,17.15024741340531
2026-07-03,SAT.BK,126700.0,13.56615293026762
2026-07-03,SAUCE.BK,-43.0,-0.1249890997878092
2026-07-03,SAV.BK,242300.0,29.139442393980175
2026-07-03,SAWAD.BK,3698601.0,14.707495058500117
2026-07-03,SC.BK,1308700.0,12.161335113315914
2026-07-03,SCAP.BK,3230300.0,24.135576443384505
2026-07-03,SCB.BK,672852.0,3.44840504885794
2026-07-03,SCC.BK,342140.0,9.874820045878922
2026-07-03,SCCC.BK,1700.0,2.3794860310173003
2026-07-03,SCG.BK,600.0,0.9896907216494844
2026-07-03,SCGD.BK,-38400.0,-3.3523152363600492
2026-07-03,SCGP.BK,593400.0,9.6291261105584
2026-07-03,SCM.BK,-4700.0,-11.928934010152284
2026-07-03,SCN.BK,-100.0,-0.099403578528827
2026-07-03,SCP.BK,-700.0,-0.1130125928317726
2026-07-03,SEAFCO.BK,104440.0,14.476201036786517
2026-07-03,SEAOIL.BK,-6300.0,-2.335833540345036
2026-07-03,SECURE.BK,-99.0,-0.069137457836626
2026-07-03,SFLEX.BK,48600.0,7.376657281413404
2026-07-03,SGC.BK,15439300.0,26.2316469538682
2026-07-03,SGF.BK,-1800.0,-1.3270910900578758
2026-07-03,SGP.BK,-3900.0,-2.3550155793338323
2026-07-03,SHR.BK,381200.0,8.164454210947907
2026-07-03,SICT.BK,-23900.0,-2.3514248749268254
2026-07-03,SIMAT.BK,-24600.0,-9.724934574119024
2026-07-03,SINGER.BK,2543371.0,20.353735209882583
2026-07-03,SIRI.BK,-6602290.0,-12.04855533363488
2026-07-03,SIS.BK,60300.0,2.2685410910666883
2026-07-03,SISB.BK,830400.0,7.039790244091841
2026-07-03,SITHAI.BK,-300.0,-0.016790731516203
2026-07-03,SJWD.BK,933200.0,17.00948718182398
2026-07-03,SKE.BK,-2200.0,-0.5064083677077195
2026-07-03,SKR.BK,-58300.0,-5.101951518333771
2026-07-03,SKY.BK,-93500.0,-3.706906223994665
2026-07-03,SLP.BK,2300.0,1.1698880976602235
2026-07-03,SMD100.BK,1600.0,0.2437411834243808
2026-07-03,SMIT.BK,-2600.0,-1.5568862275449102
2026-07-03,SMO.BK,-180900.0,-20.31899359766371
2026-07-03,SMPC.BK,6000.0,0.7659900421294523
2026-07-03,SMT.BK,-4500.0,-0.4916055619160818
2026-07-03,SNC.BK,-6800.0,-0.66176055556745
2026-07-03,SNNP.BK,114400.0,14.8533812865573
2026-07-03,SO.BK,100.0,0.3382263410674423
2026-07-03,SOLAR.BK,-600.0,-0.0892923580623558
2026-07-03,SPA.BK,-25200.0,-1.649703740703232
2026-07-03,SPACK.BK,2500.0,0.6927126627874758
2026-07-03,SPALI.BK,-64700.0,-2.414142171705582
2026-07-03,SPCG.BK,52300.0,3.4016813281516773
2026-07-03,SPG.BK,-100.0,-4.761904761904762
2026-07-03,SPRC.BK,-115100.0,-0.6852818428473098
2026-07-03,SPVI.BK,74000.0,12.346111558796688
2026-07-03,SQ.BK,1800.0,2.1869077124945324
2026-07-03,SRICHA.BK,5700.0,1.809816827486355
2026-07-03,SSF.BK,2000.0,6.64451827242525
2026-07-03,SSP.BK,64320.0,11.536785161455802
2026-07-03,STA.BK,310100.0,5.766509725615669
2026-07-03,STANLY.BK,-10500.0,-11.762333646995565
2026-07-03,STARM.BK,-1000.0,-2.4154589371980677
2026-07-03,STECH.BK,-500.0,-0.727802037845706
2026-07-03,STECON.BK,3264700.0,18.69717455436358
2026-07-03,STELLA.BK,-4200.0,-0.1602380679867231
2026-07-03,STGT.BK,75400.0,1.9795455708980547
2026-07-03,STPI.BK,-618800.0,-16.70115034975793
2026-07-03,STX.BK,1300.0,0.6109022556390977
2026-07-03,SUC.BK,9600.0,14.62745695566052
2026-07-03,SUN.BK,-200.0,-0.0341712114377878
2026-07-03,SUPER.BK,-27500.0,-0.1939951106177756
2026-07-03,SUSCO.BK,47600.0,3.5661628088177117
2026-07-03,SVOA.BK,10400.0,2.4216852600866683
2026-07-03,SVT.BK,200.0,0.0302617184722068
2026-07-03,SWC.BK,30.0,0.37359900373599
2026-07-03,SYNEX.BK,875900.0,27.5129822074967
2026-07-03,SYNTEC.BK,-25500.0,-2.7345815178750477
2026-07-03,TACC.BK,535200.0,25.86419365283409
2026-07-03,TAE.BK,321500.0,25.87410617638656
2026-07-03,TAKUNI.BK,29100.0,1.272630742035562
2026-07-03,TASCO.BK,452800.0,8.064711472835743
2026-07-03,TC.BK,200.0,0.2754441536978377
2026-07-03,TCAP.BK,695341.0,14.474838726330931
2026-07-03,TCC.BK,-70100.0,-7.662190315253771
2026-07-03,TEAM.BK,-31800.0,-2.6029303429647213
2026-07-03,TEAMG.BK,236600.0,7.054286701596219
2026-07-03,TEGH.BK,2500.0,0.4866710531950928
2026-07-03,TFG.BK,5896000.0,25.531139502908367
2026-07-03,TFM.BK,57700.0,27.428517101228817
2026-07-03,TFMAMA.BK,0.0,0.0
2026-07-03,TGE.BK,-13400.0,-3.3668341708542715
2026-07-03,THAI.BK,11577300.0,20.397069578896435
2026-07-03,THANI.BK,7174100.0,27.081753366202943
2026-07-03,THCOM.BK,42600.0,0.4636051964265834
2026-07-03,THG.BK,113400.0,4.382507072299773
2026-07-03,THRE.BK,150000.0,11.66679629773664
2026-07-03,THREL.BK,-4900.0,-1.969619622234996
2026-07-03,TIDLOR.BK,2862200.0,19.009906776936788
2026-07-03,TIGER.BK,-100.0,-0.0036670333700036
2026-07-03,TIPH.BK,-201099.0,-27.6165090142052
2026-07-03,TISCO.BK,1512698.0,26.02974384406155
2026-07-03,TITLE.BK,-248300.0,-26.045463652260025
2026-07-03,TKN.BK,350000.0,32.56731897455748
2026-07-03,TKS.BK,-15998.0,-9.141557573298744
2026-07-03,TL.BK,-200.0,-0.0026918259072361
2026-07-03,TL-W2.BK,-2533.0,-0.0389031672062119
2026-07-03,TLI.BK,10800502.0,26.445478800930555
2026-07-03,TMAN.BK,1500.0,0.9183579759390208
2026-07-03,TMW.BK,-200.0,-0.2827814382263948
2026-07-03,TNDT.BK,-100.0,-0.2358490566037736
2026-07-03,TNP.BK,-200.0,-0.0401769392404147
2026-07-03,TNR.BK,-100.0,-0.2053388090349076
2026-07-03,TOA.BK,22100.0,0.4760906623110475
2026-07-03,TOG.BK,-30114.0,-24.6682394573872
2026-07-03,TOP.BK,2739595.0,20.53272921211017
2026-07-03,TPAC.BK,-200.0,-0.0899280575539568
2026-07-03,TPBI.BK,100.0,0.2695417789757413
2026-07-03,TPCS.BK,-1800.0,-0.1757623692767378
2026-07-03,TPIPL.BK,2152600.0,9.367346412137916
2026-07-03,TPIPP.BK,154500.0,3.6042198065525417
2026-07-03,TPOLY.BK,-300.0,-0.0311106824750414
2026-07-03,TQM.BK,14800.0,3.122408980723344
2026-07-03,TQR.BK,200.0,0.2393804833091958
2026-07-03,TRITN.BK,-7000.0,-0.6342590495175101
2026-07-03,TRP.BK,12000.0,7.12145040206522
2026-07-03,TRT.BK,424600.0,9.645464439562398
2026-07-03,TRUBB.BK,26500.0,1.5236715309161577
2026-07-03,TRUE.BK,-2134798.0,-1.1192757345957765
2026-07-03,TSC.BK,-54700.0,-49.77840872896703
2026-07-03,TSE.BK,459200.0,5.551406239384084
2026-07-03,TSI.BK,-500000.0,-92.85051067780871
2026-07-03,TSTH.BK,-1671800.0,-13.75931632378524
2026-07-03,TTA.BK,1054800.0,22.533444476678483
2026-07-03,TTB.BK,-13154094.0,-5.606202521080262
2026-07-03,TTW.BK,-77100.0,-3.2875282435346342
2026-07-03,TU.BK,-863097.0,-3.8254049165953785
2026-07-03,TURBO.BK,3637200.0,8.527145649588471
2026-07-03,TVDH-W6.BK,-256100.0,-99.9219664455716
2026-07-03,TVO.BK,52580.0,8.250573915444955
2026-07-03,TWZ.BK,-700.0,-0.0077817075400855
2026-07-03,UKEM.BK,-5900.0,-0.139171917654571
2026-07-03,UMI.BK,-200.0,-0.0516954825902538
2026-07-03,UMS.BK,-4778900.0,-13.635668207661618
2026-07-03,UNIQ.BK,-2900.0,-0.9687980223157612
2026-07-03,UNIX.BK,372700.0,10.562657788025852
2026-07-03,UTP.BK,188500.0,16.36378473072242
2026-07-03,UV.BK,-400.0,-0.209205020920502
2026-07-03,UVAN.BK,23342.0,4.756441736543419
2026-07-03,VCOM.BK,16200.0,4.317708735897484
2026-07-03,VGI.BK,27343400.0,27.33863186921569
2026-07-03,VIBHA.BK,-7900.0,-0.4360391309243367
2026-07-03,VIBHA-W5.BK,-2000.0,-0.0102246117139797
2026-07-03,VIH.BK,4000.0,2.3282887077997674
2026-07-03,VS.BK,-100.0,-0.0346618047708508
2026-07-03,WASH.BK,28500.0,7.769880670990537
2026-07-03,WHA.BK,11858300.0,11.543643818539987
2026-07-03,WHAUP.BK,1318000.0,21.175435915949265
2026-07-03,WICE.BK,138500.0,2.7918703959335853
2026-07-03,WINNER.BK,10000.0,1.3605053461057577
2026-07-03,WPH.BK,207500.0,31.885060120625408
2026-07-03,XO.BK,87100.0,7.738720880952529
2026-07-03,XPG.BK,560300.0,1.338597256150368
2026-07-03,YGG.BK,4900.0,0.7866961650970206
2026-07-06,2S.BK,100.0,0.08874846908890822
2026-07-06,88TH.BK,-800.0,-0.42689434364994666
2026-07-06,A5.BK,22000.0,1.5528673695979627
2026-07-06,AAI.BK,-438600.0,-11.03394005747913
2026-07-06,AAV.BK,7469300.0,15.784927181343248
2026-07-06,ACE.BK,15500.0,1.0860273819032806
2026-07-06,ADD.BK,-800.0,-1.675954246449072
2026-07-06,ADVANC.BK,-1227609.0,-22.2751920486349
2026-07-06,ADVICE.BK,-461100.0,-11.901345050733646
2026-07-06,AEONTS.BK,85550.0,10.791616471879356
2026-07-06,AGE.BK,-73100.0,-8.37433626797876
2026-07-06,AH.BK,-986500.0,-49.70900204076491
2026-07-06,AI.BK,-120000.0,-52.88230602109123
2026-07-06,AIE.BK,-44600.0,-4.556464918795826
2026-07-06,AIT.BK,-70200.0,-7.963553696132572
2026-07-06,AJ.BK,58100.0,4.4370857892590445
2026-07-06,AJA.BK,300.0,0.012929864107128234
2026-07-06,AKP.BK,-1200.0,-0.16107339309156218
2026-07-06,AKR.BK,-21900.0,-0.39436472614611123
2026-07-06,ALPHAX.BK,-1200.0,-0.052847046554724886
2026-07-06,ALT.BK,548700.0,9.023296780786346
2026-07-06,AMANAH.BK,-12800.0,-0.44927067224230294
2026-07-06,AMARC.BK,-1396200.0,-30.932980978277126
2026-07-06,AMATA.BK,1079100.0,18.16880471287783
2026-07-06,AOT.BK,523125.0,2.7195425273287706
2026-07-06,AP.BK,-2172900.0,-21.19593081829228
2026-07-06,APO.BK,30900.0,21.26224815589563
2026-07-06,APURE.BK,700.0,1.2477495944813817
2026-07-06,ARIN.BK,10000.0,5.310674455655868
2026-07-06,AS.BK,65300.0,16.756479343084425
2026-07-06,ASAP.BK,-300.0,-2.608695652173913
2026-07-06,ASEFA.BK,117100.0,30.402870487925824
2026-07-06,ASIAN.BK,5300.0,2.5513519758536196
2026-07-06,ASK.BK,455300.0,12.692531032304485
2026-07-06,ASP.BK,376200.0,24.03906059798601
2026-07-06,ASTR.BK,-12100.0,-9.679922560619515
2026-07-06,ATLAS.BK,281400.0,9.261355857231624
2026-07-06,AU.BK,46700.0,9.498858916519879
2026-07-06,AUCT.BK,127000.0,10.5203427809325
2026-07-06,AURA.BK,86400.0,2.7213421256201764
2026-07-06,AWC.BK,3201500.0,16.784442617311928
2026-07-06,AYUD.BK,86.0,0.17940587449933246
2026-07-06,BA.BK,955980.0,9.525516712798964
2026-07-06,BAFS.BK,32600.0,7.579121612353504
2026-07-06,BAM.BK,-1044800.0,-8.332632832838357
2026-07-06,BANPU.BK,-668300.0,-1.2151885439668326
2026-07-06,BAY.BK,-33000.0,-0.9751254365902523
2026-07-06,BBGI.BK,-142700.0,-19.655863976462552
2026-07-06,BBIK.BK,170200.0,11.297544941262059
2026-07-06,BBL.BK,-995150.0,-7.915842224056158
2026-07-06,BCH.BK,-1192000.0,-10.878698586398908
2026-07-06,BCP.BK,1058400.0,20.97032532535309
2026-07-06,BCPG.BK,3202202.0,28.20433979452647
2026-07-06,BDMS.BK,-7904097.0,-7.938607874926036
2026-07-06,BE8.BK,18600.0,4.807145589314697
2026-07-06,BEAUTY.BK,500000.0,5.798156881890384
2026-07-06,BEC.BK,2100.0,0.6554102556099997
2026-07-06,BEM.BK,2028425.0,8.368232166322299
2026-07-06,BEYOND.BK,-5200.0,-26.936026936026934
2026-07-06,BGC.BK,100.0,0.12562182804884175
2026-07-06,BGRIM.BK,2818000.0,5.354549357572835
2026-07-06,BH.BK,-266600.0,-6.0730741623497195
2026-07-06,BIG.BK,-4000.0,-0.8583690987124464
2026-07-06,BIOTEC.BK,42600.0,1.874800307361628
2026-07-06,BIZ.BK,-41300.0,-10.724487146195793
2026-07-06,BJC.BK,718402.0,9.07894349397062
2026-07-06,BKA.BK,-300.0,-0.03620564808110065
2026-07-06,BKGI.BK,199400.0,3.7841407685183777
2026-07-06,BKIH.BK,-928.0,-20.095279341706366
2026-07-06,BLA.BK,556200.0,14.121288718659347
2026-07-06,BLAND.BK,54800.0,0.43804542850834816
2026-07-06,BLC.BK,20300.0,6.223175965665236
2026-07-06,BM.BK,1000.0,0.06513800789733207
2026-07-06,BPP.BK,-18200.0,-10.810553951792057
2026-07-06,BPS.BK,-5000.0,-1.0624463464595038
2026-07-06,BR.BK,200.0,0.12383594214384784
2026-07-06,BRI.BK,1400.0,0.12861866311924144
2026-07-06,BTC.BK,-273600.0,-2.8459513377687595
2026-07-06,BTG.BK,-197100.0,-1.6624144786432877
2026-07-06,BTS.BK,-15352500.0,-16.233111735101247
2026-07-06,BWG.BK,-78300.0,-0.10309631275971581
2026-07-06,BWG-W8.BK,-10000.0,-0.2816695115287331
2026-07-06,BYD.BK,87100.0,2.37468363679391
2026-07-06,CAZ.BK,900.0,0.0825536598789213
2026-07-06,CBG.BK,-986000.0,-14.228357636262858
2026-07-06,CCET.BK,718300.0,2.443313544069665
2026-07-06,CEN.BK,-100.0,-0.013439053890606102
2026-07-06,CENTEL.BK,-627700.0,-14.231585095220344
2026-07-06,CFARM.BK,-16900.0,-0.5398496917905473
2026-07-06,CFRESH.BK,100.0,0.006565557087518876
2026-07-06,CGH.BK,-9300.0,-0.09372530262690859
2026-07-06,CHARAN.BK,-5100.0,-99.98039600078415
2026-07-06,CHASE.BK,-50000.0,-0.32475942471336083
2026-07-06,CHAYO.BK,1477400.0,24.111152183084165
2026-07-06,CHG.BK,-2286600.0,-12.117466613242273
2026-07-06,CHOW.BK,-200.0,-0.42105263157894735
2026-07-06,CITY.BK,100.0,50.0
2026-07-06,CIVIL.BK,-40400.0,-1.187239060870393
2026-07-06,CK.BK,-780000.0,-17.884526491110933
2026-07-06,CKP.BK,-496300.0,-3.6913908034461214
2026-07-06,CMAN.BK,-206900.0,-29.756939450596864
2026-07-06,CMO.BK,-5400.0,-0.6012024048096193
2026-07-06,CNT.BK,64000.0,14.828544949026876
2026-07-06,COCOCO.BK,105100.0,15.087503212016026
2026-07-06,COM7.BK,-148900.0,-0.9440413019654635
2026-07-06,CPALL.BK,2637056.0,7.1125281083191565
2026-07-06,CPANEL.BK,-205.0,-1.4133057566356428
2026-07-06,CPAXT.BK,1675800.0,13.1129879771788
2026-07-06,CPF.BK,6551400.0,6.683094316532928
2026-07-06,CPL.BK,900.0,0.18607959244434152
2026-07-06,CPN.BK,-348200.0,-7.710832701282739
2026-07-06,CPW.BK,6400.0,7.207207207207207
2026-07-06,CRC.BK,921200.0,7.082349534861389
2026-07-06,CREDIT.BK,-76500.0,-10.650887573964498
2026-07-06,CSS.BK,22300.0,0.8628354708179757
2026-07-06,CTW.BK,900.0,1.4308426073131957
2026-07-06,CWT.BK,-17800.0,-1.0296754786834037
2026-07-06,DCC.BK,900.0,0.16420870561575526
2026-07-06,DELTA.BK,157316.0,1.9640175642466804
2026-07-06,DEMCO.BK,-17900.0,-3.6146281375578035
2026-07-06,DEXON.BK,-700.0,-0.8535440367755545
2026-07-06,DITTO.BK,-49800.0,-0.9930767791927682
2026-07-06,DMT.BK,-46300.0,-9.843607820459397
2026-07-06,DOD.BK,4400.0,1.3045231374967385
2026-07-06,DOHOME.BK,2022400.0,10.368835006220584
2026-07-06,DPAINT.BK,-200.0,-0.011313484202416334
2026-07-06,DRT.BK,-1000.0,-1.4357089530810314
2026-07-06,DTCENT.BK,-5000.0,-1.6958983003707233
2026-07-06,DUSIT.BK,-2700.0,-0.5319316605724372
2026-07-06,EA.BK,-2235100.0,-3.850813446652563
2026-07-06,EASON.BK,150000.0,41.77109440267335
2026-07-06,EAST.BK,-13000.0,-0.7219005754102894
2026-07-06,EASTW.BK,434800.0,22.380357993076913
2026-07-06,EFORL.BK,-300.0,-0.07089332681114727
2026-07-06,EGCO.BK,-83600.0,-3.618424184923983
2026-07-06,EKH.BK,76700.0,9.62675308570697
2026-07-06,EMPIRE.BK,195300.0,1.7544324572699574
2026-07-06,EP.BK,100.0,0.9523809523809524
2026-07-06,EPG.BK,-8640533.0,-23.28059436433133
2026-07-06,ERW.BK,-1082100.0,-7.664426056243756
2026-07-06,ETC.BK,-117600.0,-2.503779088334859
2026-07-06,ETL.BK,-44100.0,-7.08092485549133
2026-07-06,EURO.BK,1.0,0.007750135627373479
2026-07-06,EVER.BK,700.0,0.040160619529191324
2026-07-06,FLOYD.BK,50000.0,6.190148996886355
2026-07-06,FM.BK,-35700.0,-2.5716514684706167
2026-07-06,FMT.BK,100.0,9.900990099009901
2026-07-06,FORTH.BK,606900.0,16.864690384681115
2026-07-06,FSMART.BK,546900.0,9.653261007126893
2026-07-06,FSX.BK,-700.0,-7.509118214975327
2026-07-06,GABLE.BK,13400.0,3.5924932975871315
2026-07-06,GFPT.BK,128000.0,5.029756115770839
2026-07-06,GJS.BK,-100.0,-0.00977230528681716
2026-07-06,GLOBAL.BK,6730200.0,15.867133468733563
2026-07-06,GPI.BK,-46500.0,-2.293917418972917
2026-07-06,GPSC.BK,1835200.0,12.714254271090875
2026-07-06,GREEN.BK,-1400.0,-0.4277408257231111
2026-07-06,GULF.BK,-2005835.0,-4.750406807765039
2026-07-06,GUNKUL.BK,6312620.0,3.7663325659567906
2026-07-06,HANA.BK,-801800.0,-4.061284982869461
2026-07-06,HANN.BK,10000.0,1.7692695570633663
2026-07-06,HARN.BK,121400.0,24.871952468756405
2026-07-06,HENG.BK,1100.0,0.01225650775992933
2026-07-06,HL.BK,700.0,0.9509965084842473
2026-07-06,HMPRO.BK,6000720.0,17.993120256383193
2026-07-06,HTC.BK,-7100.0,-3.6395511561982583
2026-07-06,HTECH.BK,440600.0,17.101899529639542
2026-07-06,HUMAN.BK,-363200.0,-29.365441273968575
2026-07-06,I2.BK,13000.0,5.548442168160478
2026-07-06,ICHI.BK,261200.0,3.1839012590793603
2026-07-06,ICN.BK,-700.0,-0.021601331382630245
2026-07-06,IHL.BK,-11100.0,-44.217822571007446
2026-07-06,ILINK.BK,50500.0,12.71079788572867
2026-07-06,ILM.BK,5800.0,2.257055243372819
2026-07-06,IND.BK,-200.0,-0.00145915095945377
2026-07-06,INET.BK,-179700.0,-7.540531932705054
2026-07-06,INGRS.BK,-496000.0,-3.7201485269299375
2026-07-06,INOX.BK,-16000.0,-27.947598253275107
2026-07-06,INSET.BK,-493500.0,-2.135891983333031
2026-07-06,IP.BK,300.0,0.2265587240212663
2026-07-06,IROYAL.BK,9800.0,5.387575590984057
2026-07-06,IRPC.BK,7766800.0,9.026124638825145
2026-07-06,ITC.BK,4410800.0,30.60031649279913
2026-07-06,ITD.BK,-15270831.0,-12.553460899478292
2026-07-06,ITEL.BK,-1448900.0,-22.090207142383424
2026-07-06,ITEL-W6.BK,20000.0,4.000600090013502
2026-07-06,ITNS.BK,-20000.0,-26.177667831572887
2026-07-06,ITTHI.BK,0.0,0.0
2026-07-06,ITTHI-W1.BK,-10000.0,-0.21849723284179468
2026-07-06,IVF-W1.BK,-500.0,-0.01262562496843594
2026-07-06,IVL.BK,852100.0,4.204062562134624
2026-07-06,JAK.BK,-7000.0,-0.15315523858741859
2026-07-06,JAS.BK,6401800.0,8.635324181708004
2026-07-06,JMART.BK,-1968610.0,-10.043177382752901
2026-07-06,JMT.BK,-215900.0,-2.1055748287550324
2026-07-06,JPARK.BK,76500.0,0.8730375200713039
2026-07-06,JR.BK,100.0,0.13297872340425532
2026-07-06,JTS.BK,-56300.0,-9.643069407833323
2026-07-06,JUBILE.BK,-5.0,-0.01259287243420224
2026-07-06,KAMART.BK,133700.0,21.190671666629683
2026-07-06,KASET.BK,187800.0,28.338614757808962
2026-07-06,KBANK.BK,-1793054.0,-10.079710513585978
2026-07-06,KBS.BK,-8000.0,-10.199008146457757
2026-07-06,KCAR.BK,-200.0,-0.5681656771114457
2026-07-06,KCC.BK,11000.0,5.907626208378089
2026-07-06,KCE.BK,1252012.0,7.777375867717298
2026-07-06,KCG.BK,34700.0,15.772655578838277
2026-07-06,KGEN.BK,411300.0,2.582320166639701
2026-07-06,KGEN-W2.BK,15290100.0,23.84238902356606
2026-07-06,KGI.BK,-610600.0,-12.403532873932694
2026-07-06,KIAT.BK,100.0,0.027563091917398926
2026-07-06,KISS.BK,-13900.0,-3.8557451990424436
2026-07-06,KKP.BK,437105.0,6.856860939556467
2026-07-06,KLINIQ.BK,89100.0,18.208310428191616
2026-07-06,KSL.BK,169900.0,11.69990937562838
2026-07-06,KTB.BK,-4005241.0,-3.8484911104051536
2026-07-06,KTC.BK,1172700.0,2.403307206478662
2026-07-06,KUMWEL.BK,170700.0,3.0444136614451494
2026-07-06,KUN-W4.BK,-4000.0,-0.06369707708445102
2026-07-06,L&E.BK,57.0,0.4134629334107065
2026-07-06,LANNA.BK,2905.0,1.6357258287020615
2026-07-06,LEE.BK,74988.0,46.53044508839097
2026-07-06,LH.BK,1892400.0,8.281493767217556
2026-07-06,LHFG.BK,-5712800.0,-18.205715341556182
2026-07-06,LHK.BK,100.0,0.03764989363905047
2026-07-06,LOXLEY.BK,-4600.0,-1.1710794297352343
2026-07-06,LPN.BK,-55100.0,-4.942391094726172
2026-07-06,LTS.BK,19100.0,3.7814144469829856
2026-07-06,M.BK,-657400.0,-25.078862608346675
2026-07-06,MAGURO.BK,-65900.0,-6.173041885822143
2026-07-06,MAJOR.BK,-11700.0,-1.386228002516537
2026-07-06,MALEE.BK,19600.0,4.236518791986928
2026-07-06,MASTEC.BK,112100.0,2.397896866904959
2026-07-06,MASTER.BK,-188900.0,-19.00423445329878
2026-07-06,MBK.BK,-51500.0,-3.9829021358409378
2026-07-06,MC.BK,87200.0,23.96394415741453
2026-07-06,MCOT.BK,-3400.0,-0.5190015631105901
2026-07-06,MCS.BK,46600.0,4.003360761222726
2026-07-06,MEB.BK,21500.0,2.9111529655170547
2026-07-06,MEDEZE.BK,-34500.0,-9.756483819790674
2026-07-06,MEGA.BK,161900.0,15.835738689771132
2026-07-06,MFC.BK,2800.0,8.305155128433292
2026-07-06,MFEC.BK,-23100.0,-10.23482498892335
2026-07-06,MGC.BK,2555800.0,23.033073070482214
2026-07-06,MGI.BK,-22300.0,-0.9473434238860536
2026-07-06,MICRO.BK,-4600.0,-0.022785636152918762
2026-07-06,MIDA.BK,-6000.0,-0.27319132544690683
2026-07-06,MINT.BK,1402200.0,5.629286775949448
2026-07-06,MK.BK,-1944800.0,-93.69315203650604
2026-07-06,ML.BK,537150.0,17.169449343811554
2026-07-06,MMM.BK,9700.0,8.359618732440492
2026-07-06,MONO.BK,-49800.0,-0.33604322730517217
2026-07-06,MOONG.BK,20600.0,6.7027181799842515
2026-07-06,MORE.BK,-100.0,-0.004695915961887946
2026-07-06,MOSHI.BK,30600.0,5.299490486895018
2026-07-06,MRDIYT.BK,-1017400.0,-10.110876785142676
2026-07-06,MST.BK,1000.0,0.7712716727340039
2026-07-06,MTC.BK,-2616600.0,-11.0246610536089
2026-07-06,NCAP.BK,-1102400.0,-9.829049084081346
2026-07-06,NCP.BK,-240000.0,-96.15384615384616
2026-07-06,NEO.BK,75500.0,15.871280759803405
2026-07-06,NER.BK,3780500.0,37.25775804976505
2026-07-06,NETBAY.BK,572100.0,24.989833274436943
2026-07-06,NEX.BK,-62200.0,-0.8569735881291247
2026-07-06,NNCL.BK,200.0,0.08123476848090982
2026-07-06,NOBLE.BK,100.0,0.012087630485971097
2026-07-06,NSL.BK,-222100.0,-42.68699344031028
2026-07-06,NTF.BK,-202800.0,-20.78220190913423
2026-07-06,NUT.BK,15000.0,48.38709677419355
2026-07-06,NV.BK,600.0,0.12268960144282973
2026-07-06,NVD.BK,-494700.0,-11.131522527663419
2026-07-06,NYT.BK,-120600.0,-8.118046902924718
2026-07-06,OKJ.BK,-66400.0,-12.130933698235717
2026-07-06,ONEE.BK,-125400.0,-24.15147248869946
2026-07-06,OR.BK,2472400.0,10.316421728844347
2026-07-06,ORI.BK,-207800.0,-4.968781323886113
2026-07-06,OSP.BK,-818100.0,-10.264898626440878
2026-07-06,PACO.BK,100.0,0.02304094375705629
2026-07-06,PAF.BK,7100.0,0.6915346419895938
2026-07-06,PAP.BK,-300.0,-0.4761904761904762
2026-07-06,PATO.BK,-21.0,-0.054374563061546824
2026-07-06,PCE.BK,-253000.0,-8.999014376725773
2026-07-06,PCSGH.BK,10000.0,4.300520362963919
2026-07-06,PDJ.BK,-9700.0,-20.507399577167018
2026-07-06,PERM.BK,-200.0,-0.020637705087194303
2026-07-06,PHOL.BK,3500.0,1.363879027827029
2026-07-06,PIN.BK,157600.0,21.018714124149117
2026-07-06,PK.BK,-2200.0,-0.3061082510087658
2026-07-06,PLANB.BK,4602700.0,11.125551340478225
2026-07-06,PLAT.BK,-144400.0,-4.251308882026473
2026-07-06,PLE.BK,14900.0,1.1888614058884546
2026-07-06,PLUS.BK,-6800.0,-0.24373720827702886
2026-07-06,PM.BK,-6700.0,-1.838457232545632
2026-07-06,PMC.BK,21000.0,21.94036400108657
2026-07-06,PMTA.BK,-200.0,-86.95652173913044
2026-07-06,PR9.BK,-584500.0,-12.268609717788392
2026-07-06,PRG.BK,-1.0,-0.006249218847644044
2026-07-06,PRINC.BK,200.0,0.11968737657239291
2026-07-06,PRM.BK,468200.0,16.250173538803274
2026-07-06,PROEN-W2.BK,-50.0,-0.02594720263208423
2026-07-06,PROUD.BK,5000.0,1.3487995683841383
2026-07-06,PRTR.BK,100.0,0.05402485143165856
2026-07-06,PSGC.BK,30000.0,40.33396523212197
2026-07-06,PSH.BK,40200.0,1.6740325486895697
2026-07-06,PSL.BK,1871600.0,17.62963209964529
2026-07-06,PSP.BK,57000.0,16.730261226885823
2026-07-06,PSTC.BK,-7200.0,-1.9128586609989375
2026-07-06,PT.BK,82300.0,26.94085451283864
2026-07-06,PTG.BK,-2140600.0,-17.775434956738913
2026-07-06,PTL.BK,-20500.0,-1.0359756439599335
2026-07-06,PTT.BK,30035593.0,38.15707300845576
2026-07-06,PTTEP.BK,-467914.0,-3.613196180643902
2026-07-06,PTTGC.BK,-2022300.0,-8.172989818539257
2026-07-06,PYLON.BK,-52000.0,-13.687776552312314
2026-07-06,QH.BK,-823600.0,-5.276656388633559
2026-07-06,QLT.BK,-200.0,-0.24691358024691357
2026-07-06,QTC.BK,-5200.0,-13.333333333333334
2026-07-06,RABBIT.BK,1200.0,0.025410350694602523
2026-07-06,RABBIT-P.BK,-100.0,-47.16981132075472
2026-07-06,RAM.BK,-1000.0,-1.79768817300951
2026-07-06,RATCH.BK,624198.0,2.7835805147669377
2026-07-06,RBF.BK,-169400.0,-5.989544108714115
2026-07-06,RCL.BK,546400.0,12.845181940106754
2026-07-06,RJH.BK,-33000.0,-21.381919966825627
2026-07-06,ROCTEC.BK,110109.0,1.6313715705846115
2026-07-06,ROJNA.BK,-501000.0,-16.98908629235064
2026-07-06,RS.BK,4100.0,0.2505403421892215
2026-07-06,RWI.BK,-200.0,-0.09852216748768472
2026-07-06,SA.BK,100.0,0.6781500067815001
2026-07-06,SABINA.BK,4400.0,1.3355430500160872
2026-07-06,SAF.BK,14500.0,0.17747380119507186
2026-07-06,SAK.BK,-588600.0,-8.303489581702191
2026-07-06,SALEE.BK,-100.0,-0.0025538726669734717
2026-07-06,SAMART.BK,-130414.0,-5.613514031202451
2026-07-06,SANKO.BK,5300.0,0.04005190727182428
2026-07-06,SAPPE.BK,72700.0,8.52666900456124
2026-07-06,SAT.BK,98401.0,16.52168364991177
2026-07-06,SAUCE.BK,-7.0,-0.18796992481203006
2026-07-06,SAV.BK,-86100.0,-17.199360767079504
2026-07-06,SAWAD.BK,-2221400.0,-5.808211567623072
2026-07-06,SC.BK,-942200.0,-10.724689414269415
2026-07-06,SCAP.BK,587100.0,6.9450145536559456
2026-07-06,SCB.BK,-321573.0,-1.3920446281266492
2026-07-06,SCC.BK,176304.0,6.895928600009622
2026-07-06,SCCC.BK,2300.0,2.683436198387605
2026-07-06,SCG.BK,300.0,0.4563501118057774
2026-07-06,SCGD.BK,-4400.0,-2.7458640422863065
2026-07-06,SCGP.BK,1390300.0,15.334699702173948
2026-07-06,SCL.BK,-2000.0,-0.2818842836827054
2026-07-06,SCM.BK,-15700.0,-9.751552795031056
2026-07-06,SCN.BK,-100.0,-0.014003640946646129
2026-07-06,SE-ED.BK,35.0,0.12426770814841115
2026-07-06,SEAFCO.BK,-8500.0,-1.8766531106077264
2026-07-06,SEAOIL.BK,4300.0,2.3655097673548653
2026-07-06,SECURE.BK,17800.0,13.068056677189634
2026-07-06,SFLEX.BK,59000.0,11.21884156904056
2026-07-06,SGC.BK,-8919100.0,-21.26696417192165
2026-07-06,SGF.BK,-1200.0,-2.4742268041237114
2026-07-06,SGP.BK,-1000.0,-1.46177459435755
2026-07-06,SHR.BK,54300.0,6.868097119699676
2026-07-06,SICT.BK,-16700.0,-0.3155442581053778
2026-07-06,SIMAT.BK,-107600.0,-16.576773106188405
2026-07-06,SINGER.BK,-266720.0,-3.3358271993484427
2026-07-06,SIRI.BK,-132800.0,-0.4838121659013776
2026-07-06,SIS.BK,-204600.0,-17.096031063638847
2026-07-06,SISB.BK,-719600.0,-14.193078329974082
2026-07-06,SITHAI.BK,-300.0,-0.13297872340425532
2026-07-06,SJWD.BK,-255400.0,-5.970047379361915
2026-07-06,SKE.BK,-200.0,-0.07930119784459344
2026-07-06,SKR.BK,-3900.0,-0.6226053639846743
2026-07-06,SKY.BK,-159100.0,-13.680902200036977
2026-07-06,SLP.BK,1000.0,7.936507936507936
2026-07-06,SMD100.BK,1000.0,0.7148116113998156
2026-07-06,SMIT.BK,-6100.0,-6.130653266331659
2026-07-06,SMO.BK,-396600.0,-11.137946528869918
2026-07-06,SMPC.BK,100.0,0.05132916882676919
2026-07-06,SMT.BK,-6964600.0,-16.58934492238873
2026-07-06,SNC.BK,400.0,0.09396398830148346
2026-07-06,SNNP.BK,-42700.0,-10.888773852662395
2026-07-06,SO.BK,2000.0,6.207324643078833
2026-07-06,SOLAR.BK,-3000.0,-0.8169712153808448
2026-07-06,SONIC.BK,-5000.0,-1.7924551975823364
2026-07-06,SPA.BK,104600.0,5.754578768685189
2026-07-06,SPACK.BK,7900.0,2.540192926045016
2026-07-06,SPALI.BK,-1270700.0,-31.01337868392176
2026-07-06,SPCG.BK,46600.0,2.7644990858169334
2026-07-06,SPRC.BK,5864400.0,24.52901768068526
2026-07-06,SPVI.BK,173000.0,23.772585674062736
2026-07-06,SQ.BK,-1800.0,-0.13807916538815587
2026-07-06,SR.BK,-90000.0,-3.2569741768992952
2026-07-06,SRICHA.BK,-62500.0,-18.058364634498698
2026-07-06,SSP.BK,-2000.0,-0.7405103597399327
2026-07-06,SSSC.BK,100.0,0.14913798246137328
2026-07-06,STA.BK,1128500.0,7.732154071922942
2026-07-06,STANLY.BK,-5405.0,-5.711236501194024
2026-07-06,STARM.BK,-1000.0,-1.937984496124031
2026-07-06,STECON.BK,-3042600.0,-14.382214269183471
2026-07-06,STELLA.BK,-117200.0,-0.7261012328851991
2026-07-06,STGT.BK,-887920.0,-9.375447102878933
2026-07-06,STPI.BK,579800.0,9.510097138146381
2026-07-06,STX.BK,500.0,0.18375597206909225
2026-07-06,SUC.BK,19700.0,6.829866973606205
2026-07-06,SUN.BK,-5000.0,-1.4388323587642158
2026-07-06,SUPER.BK,-2500.0,-0.025225200499983655
2026-07-06,SUSCO.BK,13800.0,2.7799713139191953
2026-07-06,SVOA.BK,99200.0,8.145823376870789
2026-07-06,SVT.BK,400.0,0.07071135624381275
2026-07-06,SYNEX.BK,-59500.0,-3.15910808025515
2026-07-06,SYNTEC.BK,100.0,0.0047569213205213585
2026-07-06,TACC.BK,966700.0,44.07614271058931
2026-07-06,TAE.BK,4200.0,0.4239383876209991
2026-07-06,TASCO.BK,231700.0,16.1020747839563
2026-07-06,TATG.BK,-100.0,-0.018119257327880646
2026-07-06,TBN.BK,1000.0,47.61904761904761
2026-07-06,TC.BK,200.0,0.035565924998577365
2026-07-06,TCAP.BK,-376900.0,-12.92219119768724
2026-07-06,TCJ.BK,5600.0,34.5679012345679
2026-07-06,TEAM.BK,-28100.0,-1.1947487179836043
2026-07-06,TEAMG.BK,34800.0,2.3164481128935632
2026-07-06,TEGH.BK,39700.0,2.302008429873691
2026-07-06,TFG.BK,905200.0,5.888398456448587
2026-07-06,TFM.BK,35100.0,10.471985201981026
2026-07-06,TFMAMA.BK,300.0,6.368074718743366
2026-07-06,TH.BK,1300.0,0.05735968937522062
2026-07-06,THAI.BK,-5755600.0,-13.963602006677037
2026-07-06,THANI.BK,13098900.0,42.56909764100922
2026-07-06,THCOM.BK,403300.0,12.358742454287515
2026-07-06,THG.BK,-111100.0,-11.045834745960715
2026-07-06,THRE.BK,100000.0,34.961612149859455
2026-07-06,TIDLOR.BK,239800.0,1.0973302659337343
2026-07-06,TIGER.BK,-100.0,-0.0075329056149525155
2026-07-06,TIPH.BK,2900.0,0.4909903274905484
2026-07-06,TISCO.BK,445608.0,11.615885011059135
2026-07-06,TITLE.BK,-101500.0,-18.01872171815169
2026-07-06,TKC.BK,100.0,0.11098779134295228
2026-07-06,TKN.BK,195000.0,16.319207037176827
2026-07-06,TKS.BK,-18600.0,-9.81924148999071
2026-07-06,TKT.BK,-200.0,-2.73972602739726
2026-07-06,TLI.BK,732300.0,5.0295398757415875
2026-07-06,TMAN.BK,8700.0,3.8334434897554526
2026-07-06,TMW.BK,3600.0,2.9399274817887826
2026-07-06,TNDT.BK,-100.0,-0.029931158335827598
2026-07-06,TNDT-W2.BK,-133501.0,-0.6651677004756835
2026-07-06,TNP.BK,-100.0,-0.06046095431570292
2026-07-06,TNR.BK,-200.0,-0.07649938800489596
2026-07-06,TOA.BK,843500.0,23.543413524218735
2026-07-06,TOG.BK,45805.0,10.502265306871125
2026-07-06,TOP.BK,1200195.0,6.87012754551965
2026-07-06,TPAC.BK,-1500.0,-2.365930599369085
2026-07-06,TPBI.BK,-15000.0,-6.221484861053505
2026-07-06,TPCS.BK,-5100.0,-100.0
2026-07-06,TPIPL.BK,57400.0,0.7364582772008427
2026-07-06,TPIPP.BK,78500.0,6.229209517279907
2026-07-06,TPOLY.BK,3600.0,1.5719837561678531
2026-07-06,TQM.BK,-71900.0,-22.35348981812529
2026-07-06,TQR.BK,900.0,1.227730335852454
2026-07-06,TRC.BK,100.0,0.008051458481446621
2026-07-06,TRT.BK,142300.0,7.034059082141794
2026-07-06,TRUBB.BK,310900.0,11.157994546974296
2026-07-06,TRUE.BK,5449566.0,5.210274056044488
2026-07-06,TSE.BK,183100.0,4.978492694041579
2026-07-06,TSI.BK,-1000000.0,-66.40106241699867
2026-07-06,TSTH.BK,-518100.0,-22.013048924118074
2026-07-06,TTA.BK,482400.0,12.156651457412156
2026-07-06,TTB.BK,-12264600.0,-4.74539478561414
2026-07-06,TTW.BK,-341800.0,-4.68805313163458
2026-07-06,TU.BK,807800.0,6.758645489800578
2026-07-06,TURBO.BK,-791500.0,-4.452473460107975
2026-07-06,TVO.BK,21300.0,2.103840842958652
2026-07-06,TYCN.BK,900.0,44.97751124437781
2026-07-06,UBA.BK,40000.0,5.581135761127389
2026-07-06,UBE.BK,1481000.0,65.95609844515512
2026-07-06,UBIS.BK,30200.0,26.010938374746996
2026-07-06,UEC.BK,10000.0,5.1359749364423095
2026-07-06,UKEM.BK,916300.0,14.394852226151409
2026-07-06,UMI.BK,-3000.0,-1.2717253073336159
2026-07-06,UMS.BK,-2215200.0,-7.728939477295926
2026-07-06,UNIQ.BK,-29500.0,-1.5384599338097171
2026-07-06,UNIX.BK,-19900.0,-0.4818863987927172
2026-07-06,UREKA.BK,442400.0,1.23711840671677
2026-07-06,UTP.BK,-124400.0,-13.147951445587669
2026-07-06,UV.BK,200.0,0.06308113495578012
2026-07-06,UVAN.BK,63600.0,20.021028375715375
2026-07-06,VCOM.BK,31200.0,14.059120403749098
2026-07-06,VGI.BK,3085086.0,4.908373639742227
2026-07-06,VIBHA.BK,-66000.0,-3.2990135949351145
2026-07-06,VIBHA-W5.BK,-1800.0,-2.698124803261733
2026-07-06,VIH.BK,2300.0,1.5570840554592722
2026-07-06,VPO.BK,-100000.0,-4.729695535309306
2026-07-06,VS.BK,-100.0,-0.009595787065646698
2026-07-06,WACOAL.BK,-100.0,-3.7037037037037033
2026-07-06,WARRIX.BK,3100.0,0.33267085331147006
2026-07-06,WASH.BK,37200.0,8.05892547660312
2026-07-06,WHA.BK,-11028700.0,-28.01348554924321
2026-07-06,WHAUP.BK,1378900.0,12.640790250612902
2026-07-06,WICE.BK,-299000.0,-4.376445123403311
2026-07-06,WIIK.BK,3800.0,0.05402381455046144
2026-07-06,WINNER.BK,1000.0,0.3128421711246676
2026-07-06,WORK.BK,-2061.0,-1.3449139933700502
2026-07-06,WPH.BK,69500.0,25.38553134291287
2026-07-06,XO.BK,-95700.0,-15.8768079155095
2026-07-06,XPG.BK,234400.0,1.6935314900042626
2026-07-06,XYZ.BK,200.0,0.013192603434958157
