ticker,asof,quintile,composite,close,distPct,rsi,adx,stop,t1,t2,size,signals
SPRC.BK,2026-08-24,1,2.4335,12.699999809265137,12.51,74.4,58.2,11.0,14.399999618530273,15.249999523162842,700,trend
STECON.BK,2026-08-24,1,2.366,18.100000381469727,1.97,53.7,21.1,16.0,20.200000762939453,21.250000953674316,600,trend
IRPC.BK,2026-08-24,1,2.2239,2.5199999809265137,7.45,67.8,46.9,2.2799999713897705,2.759999990463257,2.8799999952316284,6100,trend
HANA.BK,2026-08-24,1,2.0453,45.5,9.08,62.1,25.8,36.0,55.0,59.75,100,trend
KCE.BK,2026-08-24,1,1.9444,54.75,13.33,75.9,28.4,43.027602420764026,66.47239757923597,72.33359636885396,0,trend
KKP.BK,2026-08-24,1,1.5543,112.0,0.6,53.8,25.4,108.0,116.0,118.0,300,trend
AMATA.BK,2026-08-24,1,1.2566,30.25,2.34,56.5,38.4,28.25,32.25,33.25,700,trend
PTTGC.BK,2026-08-24,1,1.0119,42.5,9.46,70.9,30.9,37.5,47.5,50.0,300,trend
TFG.BK,2026-08-24,1,1.0025,9.75,0.43,51.2,14.9,9.286250269966907,10.213749730033093,10.44562459504964,3100,trend
KTB.BK,2026-08-24,1,0.9661,44.25,1.35,61.4,36.3,43.25,45.25,45.75,1500,trend
RCL.BK,2026-08-24,1,0.8982,45.25,14.59,81.4,49.4,36.0921773242343,54.4078226757657,58.98673401364855,100,trend
TCAP.BK,2026-08-24,1,0.8387,86.75,3.01,61.6,47.9,84.5,89.0,90.125,600,trend
BCP.BK,2026-08-24,1,0.7434,51.25,9.18,73.7,64.9,46.75,55.75,58.0,300,breakout|trend
STA.BK,2026-08-24,1,0.7129,20.899999618530273,9.22,74.4,20.5,17.600000381469727,24.19999885559082,25.849998474121094,400,trend
BGRIM.BK,2026-08-24,1,0.707,18.600000381469727,0.59,52.8,23.3,17.600000381469727,19.600000381469727,20.100000381469727,1500,trend
CCET.BK,2026-08-24,1,0.6886,8.800000190734863,1.45,53.2,22.5,8.25,9.350000381469727,9.625000476837158,2700,trend
PLANB.BK,2026-08-24,1,0.6542,6.400000095367432,5.11,62.5,39.7,5.5,7.300000190734863,7.750000238418579,1600,trend
JMART.BK,2026-08-24,2,0.6194,11.199999809265137,1.11,54.0,15.1,10.399999618530273,12.0,12.400000095367432,1500,trend
KBANK.BK,2026-08-24,2,0.4619,254.0,2.74,68.0,55.7,245.0,263.0,267.5,100,trend
GPSC.BK,2026-08-24,2,0.4597,50.5,1.14,54.4,19.9,47.72188949584961,53.27811050415039,54.667165756225586,300,trend
AOT.BK,2026-08-24,2,0.4333,66.0,1.88,61.5,21.2,62.5,69.5,71.25,200,trend
BANPU.BK,2026-08-24,2,0.4132,14.5,9.94,78.4,44.2,12.0,17.0,18.25,500,trend
CRC.BK,2026-08-24,2,0.3578,27.25,2.98,59.1,40.8,25.5,29.0,29.875,600,trend
STGT.BK,2026-08-24,2,0.3145,11.0,1.49,56.9,12.8,10.5,11.5,11.75,2500,trend
ERW.BK,2026-08-24,2,0.2789,3.680000066757202,2.49,63.5,48.9,3.5999999046325684,3.760000228881836,3.800000309944153,15500,trend
BEM.BK,2026-08-24,2,0.2062,7.150000095367432,2.19,63.2,44.3,6.800000190734863,7.5,7.674999952316284,3500,trend
AWC.BK,2026-08-24,2,0.1141,2.9600000381469727,0.26,53.8,19.9,2.880000114440918,3.0399999618530273,3.0799999237060547,15600,trend
CENTEL.BK,2026-08-24,2,0.1093,42.0,3.57,62.2,35.3,39.75,44.25,45.375,500,trend
CK.BK,2026-08-24,2,0.0598,18.799999237060547,0.33,51.1,17.2,17.899999618530273,19.69999885559082,20.149998664855957,1300,trend
PTTEP.BK,2026-08-24,3,-0.0104,149.5,2.28,67.8,17.5,145.0,154.0,156.25,200,trend
PTT.BK,2026-08-24,3,-0.0555,40.75,3.0,72.1,18.6,39.0,42.5,43.375,500,trend
CBG.BK,2026-08-24,3,-0.118,56.25,4.35,63.7,30.9,50.75,61.75,64.5,100,trend
BBL.BK,2026-08-24,3,-0.1729,191.5,0.23,51.9,17.6,186.5,196.5,199.0,200,reclaim|trend
TASCO.BK,2026-08-24,3,-0.2256,17.100000381469727,8.48,72.0,49.3,14.699999809265137,19.500000953674316,20.70000123977661,400,trend
BH.BK,2026-08-24,3,-0.3687,202.0,4.94,71.4,35.2,188.5,215.5,222.25,0,trend
MOSHI.BK,2026-08-24,4,-0.4237,40.5,0.03,51.7,41.0,39.0,42.0,42.75,400,trend
TU.BK,2026-08-24,4,-0.4732,13.0,2.29,62.6,29.8,12.699999809265137,13.300000190734863,13.450000286102295,2400,trend
CPF.BK,2026-08-24,4,-0.5157,23.5,4.91,69.6,27.8,21.700000762939453,25.299999237060547,26.19999885559082,300,trend
QH.BK,2026-08-24,4,-0.5286,1.440000057220459,0.0,52.6,22.7,1.4299999475479126,1.4500001668930054,1.4550002217292786,52000,trend
BCH.BK,2026-08-24,4,-0.664,11.300000190734863,3.11,61.9,33.5,10.800000190734863,11.800000190734863,12.050000190734863,1500,trend
SPALI.BK,2026-08-24,4,-0.6646,16.799999237060547,2.93,69.0,26.3,15.800000190734863,17.79999828338623,18.299997806549072,700,trend
AURA.BK,2026-08-24,4,-0.683,14.5,1.15,54.7,25.2,13.899999618530273,15.100000381469727,15.40000057220459,1200,trend
CHG.BK,2026-08-24,4,-0.6939,1.590000033378601,0.23,51.6,20.2,1.5399999618530273,1.6400001049041748,1.6650001406669617,14900,trend
GFPT.BK,2026-08-24,5,-0.7017,10.100000381469727,2.55,61.6,43.1,9.5,10.700000762939453,11.000000953674316,800,trend
BDMS.BK,2026-08-24,5,-0.7487,19.799999237060547,1.12,57.7,18.2,19.200000762939453,20.39999771118164,20.699996948242188,800,trend
